Customer ID,Recency,Frequency,Monetary,Furniture,Office Supplies,Technology
AA-10315,0.1579399141630901,0.25,0.22200969821453342,0.002617029384063441,0.9122403640834286,0.08514260653250796
AA-10375,0.01630901287553648,0.5,0.041998078377545815,0.02688401064000984,0.24712464146763977,0.7259913478923503
AA-10480,0.22231759656652358,0.1875,0.07131813738973505,0.2654547972870329,0.3492140795481963,0.38533112316477075
AA-10645,0.047210300429184546,0.3125,0.20297379801445123,0.7373227690151339,0.19295312403244785,0.0697241069524183
AB-10015,0.3562231759656652,0.125,0.03519911182174034,0.4408614284618058,0.3086409164977724,0.25049765504042176
AB-10060,0.0463519313304721,0.4375,0.30955826447226653,0.33708562307075385,0.6376759046987862,0.02523847223045998
AB-10105,0.0351931330472103,0.5625,0.5778661475775212,0.08843740083217888,0.7938093508505952,0.11775324831722594
AB-10150,0.0351931330472103,0.25,0.03841635368844355,0.0165427067062511,0.3918320902856079,0.591625203008141
AB-10165,0.02145922746781116,0.4375,0.04429249095492702,0.11805666533194235,0.6907772943641715,0.1911660403038862
AB-10255,0.14248927038626608,0.5,0.03633241935717706,0.02068817712228769,0.3961129845647829,0.5831988383129294
AB-10600,0.04291845493562232,0.1875,0.06034890583462872,0.6044244133041135,0.040972067378165035,0.35460351931772155
AC-10420,0.19914163090128753,0.125,0.0367824514021905,0.7543227478937136,0.24567725210628646,0.0
AC-10450,0.00944206008583691,0.375,0.2205833186923813,0.0,0.8635982261445055,0.13640177385549454
AC-10615,0.005150214592274677,0.25,0.10115947952683689,0.6251388075593277,0.10851618364131732,0.26634500879935497
AC-10660,0.24206008583690986,0.25,0.026059483388933005,0.2789708450729938,0.2853665512478017,0.4356626036792045
AD-10180,0.02489270386266094,0.4375,0.24370932642687776,0.25361231922028926,0.22829824722280445,0.5180894335569063
AF-10870,0.0351931330472103,0.375,0.08179795709894197,0.19842292007240458,0.44878192300872705,0.35279515691886826
AF-10885,0.3562231759656652,0.1875,0.034216973197412584,0.7404026393829832,0.16242535386186763,0.09717200675514905
AG-10270,0.23862660944206007,0.25,0.10296519915934908,0.5232293338722629,0.3684040175028204,0.10836664862491664
AG-10300,0.10128755364806867,0.1875,0.014486454846205702,0.8494672804640483,0.15053271953595176,0.0
AG-10330,0.0068669527896995704,0.25,0.026205500175990964,0.27618416513861405,0.32573543206066224,0.3980804028007238
AG-10390,0.09785407725321887,0.25,0.007832506603804894,0.09833536539849214,0.9016646346015079,0.0
AG-10495,0.06695278969957082,0.375,0.05649020455410224,0.38018822657366896,0.49699735141240386,0.1228144220139271
AG-10525,0.7244635193133047,0.1875,0.05791965937510646,0.33069651789162896,0.10018157601382231,0.5691219060945487
AG-10675,0.08326180257510729,0.375,0.1391555397095568,0.8472381912776227,0.12608856603404558,0.02667324268833177
AG-10765,0.06609442060085836,0.1875,0.00661992026029649,0.0,1.0,0.0
AG-10900,0.08240343347639484,0.5625,0.1799634534679526,0.5667435266982752,0.10006125303355481,0.3331952202681699
AH-10030,0.010300429184549355,0.375,0.06948845438954379,0.20972430790393767,0.3873812116696281,0.40289448042643433
AH-10075,0.029184549356223173,0.5625,0.1296220094266297,0.5030622978478847,0.44598913897235887,0.050948563179756434
AH-10120,0.05150214592274678,0.375,0.06912157523037682,0.36679969161873655,0.46625495386381205,0.1669453545174513
AH-10195,0.047210300429184546,0.1875,0.06320813498820622,0.08374426439350607,0.9162557356064939,0.0
AH-10210,0.005150214592274677,0.5,0.1917273502342439,0.0,0.6616849907103425,0.3383150092896575
AH-10465,0.19742489270386265,0.25,0.09947028576355894,0.5704457769273569,0.053513043804427333,0.3760411792682159
AH-10585,0.018025751072961373,0.1875,0.029302046547483793,0.41050556259681736,0.06957849923629392,0.5199159381668887
AH-10690,0.351931330472103,0.6875,0.3148571242113606,0.5086894580754724,0.05510824013405181,0.4362023017904759
AI-10855,0.011158798283261802,0.5625,0.17457125641174848,0.2367679772274055,0.296223809848105,0.46700821292448946
AJ-10780,0.06437768240343347,0.375,0.1942035648944172,0.35657311256405955,0.6249424737598164,0.01848441367612398
AJ-10795,0.14248927038626608,0.375,0.1795877877406366,0.6152598163545446,0.11120606941276598,0.2735341142326894
AJ-10945,0.103862660944206,0.3125,0.07289109284419093,0.16501484237355563,0.6208309106091274,0.2141542470173168
AJ-10960,0.06351931330472102,0.125,0.024938477048904877,0.0,1.0,0.0
AM-10360,0.024034334763948496,0.25,0.0323177564920058,0.1424549023847314,0.5627460037444165,0.294799093870852
AM-10705,0.1390557939914163,0.4375,0.226022044620829,0.6280229843740014,0.25619356704476076,0.11578344858123783
AO-10810,0.4300429184549356,0.0,0.00624832830548597,1.0,0.0,0.0
AP-10720,0.0351931330472103,0.3125,0.021610923812985565,0.5120527831304997,0.41988379505139833,0.06806342181810189
AP-10915,0.08412017167381974,0.5625,0.13254629912345595,0.4119382974139747,0.3104391802033725,0.27762252238265284
AR-10345,0.09527896995708154,0.1875,0.04197028087103806,0.6665283690160216,0.014094993435597817,0.31937663754838047
AR-10405,0.10729613733905578,0.25,0.08911557080921537,0.784484609110033,0.06220574135291002,0.1533096495370569
AR-10510,0.012017167381974248,0.25,0.01038536410160516,0.0,0.4519527002537151,0.5480472997462849
AR-10540,0.005150214592274677,0.3125,0.26374142376032605,0.05381445083626291,0.8493446570208315,0.09684089214290556
AR-10570,0.45836909871244635,0.0,0.003327593174865447,0.5870674985819625,0.4129325014180374,0.0
AR-10825,0.04978540772532188,0.4375,0.1804642479134996,0.40356409517223574,0.1002163005357108,0.4962196042920535
AS-10045,0.07553648068669527,0.375,0.12164839852614105,0.2127235394461322,0.08721168836447599,0.7000647721893917
AS-10090,0.024034334763948496,0.5,0.12982062580574327,0.6381659504010372,0.32498348851568665,0.03685056108327626
AS-10135,0.0351931330472103,0.0625,0.002156183884818955,0.07106426385583134,0.9289357361441687,0.0
AS-10225,0.01888412017167382,0.25,0.16997819772869607,0.4378583847479713,0.19588272956338554,0.36625888568864323
AS-10240,0.16480686695278968,0.25,0.019934925877509568,0.1262302368404343,0.8737697631595657,0.0
AS-10285,0.01630901287553648,0.3125,0.12818017353232458,0.8987579007888655,0.05759253520898901,0.04364956400214545
AS-10630,0.07896995708154506,0.375,0.033092012901717406,0.17140429902639556,0.4248150343533342,0.40378066662027023
AT-10435,0.018025751072961373,0.25,0.04637866186717689,0.7771972914193978,0.19405662772110124,0.028746080859500957
AT-10735,0.011158798283261802,0.5625,0.15284758495383277,0.03245417895833464,0.863183035723606,0.1043627853180593
AW-10840,0.017167381974248927,0.1875,0.025742368156646298,0.47873651012664464,0.17775834031439414,0.3435051495589612
AW-10930,0.03948497854077253,0.375,0.11375151034117165,0.1578482478597727,0.46793094069053703,0.37422081144969027
AY-10555,0.012017167381974248,0.1875,0.019657190446108842,0.6494424704334284,0.21580076215156918,0.1347567674150024
AZ-10750,0.13733905579399142,0.3125,0.06458866460019895,0.5699776451309418,0.2766677065236021,0.1533546483454561
BB-10990,0.09012875536480686,0.25,0.02953513023710913,0.0,0.5368998038530779,0.46310019614692216
BB-11545,0.024034334763948496,0.5,0.27002302120793986,0.7048019074961335,0.2514540933362973,0.04374399916756926
BC-11125,0.17339055793991415,0.5,0.11697490280557915,0.6848745396560493,0.16300436721710237,0.15212109312684838
BD-11320,0.028326180257510727,0.6875,0.22819867724606746,0.7892098324024691,0.06659903845767114,0.14419112913985974
BD-11500,0.030042918454935622,0.3125,0.17598737162474465,0.0957142918673943,0.13152619341079144,0.7727595147218141
BD-11560,0.23862660944206007,0.0625,0.01260900486644077,0.0,0.5259250015598678,0.4740749984401323
BD-11605,0.08326180257510729,0.3125,0.11096461061903887,0.3154169551546805,0.6588643458996137,0.025718698945705807
BD-11620,0.05922746781115879,0.3125,0.06123746750816961,0.2885541346197606,0.4442660147843782,0.2671798505958612
BD-11635,0.007725321888412017,0.125,0.023077242281269467,0.2825832495202919,0.5955588813790879,0.12185786910062028
BD-11725,0.07982832618025751,0.3125,0.0607737763435791,0.29751064526695054,0.7024893547330494,0.0
BD-11770,0.28068669527896994,0.3125,0.02610541317698461,0.36567415781528584,0.4825154222085879,0.15181041997612632
BE-11335,0.10214592274678111,0.25,0.16773730333913153,0.05967641739815387,0.13204251647451554,0.8082810661273307
BE-11410,0.08412017167381974,0.25,0.0901264255358119,0.0,0.27048630119419587,0.7295136988058041
BE-11455,0.4128755364806867,0.25,0.02968234519255105,0.22150566958902498,0.33889731105603277,0.43959701935494216
BF-10975,0.07811158798283262,0.375,0.023762275085322568,0.08178753513682939,0.9182124648631705,0.0
BF-11005,0.03347639484978541,0.1875,0.053080736539666544,0.24546435961255883,0.07520616547215642,0.6793294749152847
BF-11020,0.06351931330472102,0.4375,0.11517086060880452,0.3126495150087969,0.0759174465969605,0.6114330383942425
BF-11080,0.02145922746781116,0.125,0.010708310420027112,0.0,1.0,0.0
BF-11170,0.013733905579399141,0.625,0.23576515052968824,0.10185965674854248,0.400860058239951,0.4972802850115065
BF-11215,0.05579399141630901,0.1875,0.06311667480156434,0.47279710212583953,0.3028182608465254,0.224384637027635
BF-11275,0.04892703862660944,0.125,0.031438221020290695,0.3969141024507885,0.14679730804681876,0.45628858950239265
BG-11035,0.024034334763948496,0.4375,0.11159400847113034,0.05355583597837474,0.6866765656239416,0.2597675983976837
BG-11695,0.030901287553648068,0.3125,0.07465942962312372,0.4667746610236414,0.08503381760051905,0.4481915213758396
BG-11740,0.04892703862660944,0.3125,0.03999977314678597,0.5899701497283267,0.07221698881906602,0.3378128614526072
BH-11710,0.019742489270386264,0.4375,0.24963910169801626,0.4098845932066801,0.1854150150806885,0.4047003917126313
BK-11260,0.06609442060085836,0.3125,0.02613225214878519,0.3530156052298608,0.5234897699722971,0.12349462479784203
BM-11140,0.263519313304721,0.1875,0.4706723725575187,0.1755632704334233,0.1134663259152323,0.7109704036513445
BM-11575,0.08583690987124463,0.3125,0.032084113657134615,0.30293926217763273,0.37551629500025985,0.3215444428221075
BM-11650,0.028326180257510727,0.625,0.2911290368639269,0.09171511279190203,0.5905778370030373,0.31770705020506057
BM-11785,0.1871244635193133,0.5625,0.05327891359037267,0.16566107128399019,0.094182883417162,0.7401560452988477
BN-11470,0.02060085836909871,0.1875,0.010402617726334107,0.0,0.7556239068813703,0.24437609311862973
BN-11515,0.007725321888412017,0.25,0.05809163647715011,0.15480928417151818,0.8451907158284818,0.0
BO-11350,0.11759656652360514,0.25,0.1069523041516894,0.8390399623070248,0.07150482643040965,0.08945521126256557
BO-11425,0.06437768240343347,0.0625,0.0050321873957718324,0.0,1.0,0.0
BP-11050,0.07124463519313304,0.25,0.03908373347830638,0.0,0.6746862988346789,0.325313701165321
BP-11095,0.014592274678111587,0.6875,0.09733963884089668,0.1179241651665572,0.1774308734813951,0.7046449613520477
BP-11155,0.07639484978540773,0.3125,0.06761775409167513,0.08292787218741698,0.2633378115169617,0.6537343162956214
BP-11185,0.0008583690987124463,0.5,0.14661698954042932,0.22936367833277702,0.15338556055302416,0.6172507611141989
BP-11230,0.03347639484978541,0.25,0.0469944405386374,0.12328500452818052,0.010884561020406436,0.8658304344514131
BP-11290,0.010300429184549355,0.375,0.09866213716415989,0.7752227434461733,0.22477725655382663,0.0
BS-11365,0.47896995708154505,0.25,0.41923192853548635,0.0920743620075811,0.04074501414205935,0.8671806238503595
BS-11380,0.024034334763948496,0.25,0.15508296776883113,0.42639063293340196,0.2786075742945815,0.2950017927720165
BS-11590,0.030042918454935622,0.3125,0.09785421222285914,0.31117816897277645,0.48272698832715255,0.20609484270007103
BS-11665,0.49957081545064375,0.125,0.13113062323886718,0.11370909124086481,0.7335149979775616,0.15277591078157363
BS-11755,0.0008583690987124463,0.375,0.10214581174050852,0.325680558168142,0.3699947939066072,0.3043246479252508
BS-11800,0.22746781115879827,0.0625,0.03772620869928558,0.0,1.0,0.0
BT-11305,0.28841201716738196,0.25,0.10235644974240776,0.7866513271248174,0.11988989179235851,0.0934587810828242
BT-11395,0.2592274678111588,0.3125,0.08713799389149794,0.7062347109433631,0.05752961315056664,0.23623567590607025
BT-11440,0.48068669527896996,0.1875,0.02392514610764816,0.8226556445362956,0.1773443554637045,0.0
BT-11485,0.5656652360515021,0.0625,0.016389465751495004,0.07306428770990087,0.9269357122900991,0.0
BT-11530,0.07811158798283262,0.25,0.10702275645266592,0.3323623240449217,0.21501274729073508,0.4526249286643432
BT-11680,0.017167381974248927,0.375,0.12748188099815572,0.08862745686872174,0.45346401597621583,0.45790852715506236
BV-11245,0.28669527896995706,0.25,0.060644893364411694,0.4901721490501046,0.34769013827462314,0.16213771267527227
BW-11065,0.18197424892703862,0.125,0.015204077830302374,0.11971487564718455,0.8802851243528155,0.0
BW-11110,0.103862660944206,0.4375,0.18953126734223927,0.16156171808524747,0.12288168596977321,0.7155565959449793
BW-11200,0.1742489270386266,0.3125,0.06923707866259006,0.46252946664933287,0.07363412229364141,0.46383641105702583
CA-11965,0.08240343347639484,0.3125,0.1511645098371022,0.33783916860621044,0.018326934096604637,0.6438338972971849
CA-12055,0.344206008583691,0.25,0.06689338142568219,0.3054216049779606,0.4572441663035117,0.23733422871852758
CA-12265,0.04806866952789699,0.4375,0.10517898299227936,0.6773228127277011,0.0280344303011393,0.29464275697115966
CA-12310,0.011158798283261802,0.1875,0.05659831928128109,0.049621858372352404,0.4323445062217202,0.5180336354059273
CA-12775,0.10300429184549356,0.375,0.12128391570374199,0.7153775390703342,0.15685275282535377,0.12776970810431207
CB-12025,0.040343347639484974,0.5,0.2286838555636769,0.22038805591458868,0.7302117780664003,0.049400166019011045
CB-12415,0.022317596566523604,0.4375,0.07765596887350244,0.03077672891442643,0.23047096244613174,0.7387523086394419
CB-12535,0.1690987124463519,0.4375,0.1694059325390462,0.34757446533938713,0.5582411024912424,0.09418443216937045
CC-12100,0.39227467811158795,0.25,0.06713960502858489,0.16966004286165934,0.04223231778604641,0.7881076393522942
CC-12145,0.09098712446351931,0.375,0.09852207128007556,0.12861691582546073,0.09458378006594784,0.7767993041085914
CC-12220,0.017167381974248927,0.625,0.14639321162525268,0.38391742487857805,0.21344330562047684,0.4026392695009452
CC-12370,0.03690987124463519,0.25,0.4842293283103985,0.057797002111950525,0.008717072501507123,0.9334859253865423
CC-12430,0.0,0.5625,0.11443374741899552,0.41933973275726905,0.19142314593822407,0.3892371213045069
CC-12475,0.03347639484978541,0.5,0.06608317996445194,0.3086526884403033,0.20518271848662015,0.4861645930730765
CC-12550,0.02317596566523605,0.125,0.004353305189423033,0.0,0.5785367910605103,0.4214632089394898
CC-12610,0.029184549356223173,0.375,0.10127709972319514,0.5682548941581835,0.19718054294385923,0.23456456289795727
CC-12670,0.02489270386266094,0.375,0.09045646101717227,0.4329677272540023,0.36912430995882056,0.19790796278717707
CC-12685,0.6849785407725322,0.1875,0.11379732031238486,0.0,0.5235090387037663,0.47649096129623375
CD-11920,0.034334763948497854,0.25,0.08104151345920518,0.2647278619919291,0.11580811497526018,0.6194640230328108
CD-11980,0.0463519313304721,0.125,0.025358554884319436,0.12899091230231055,0.8275306909088634,0.04347839678882592
CD-12280,0.036051502145922745,0.0625,0.04795672950673764,0.32849141992594466,0.478655987471632,0.1928525926024234
CD-12790,0.3424892703862661,0.25,0.07412265018711195,0.3232792255950883,0.6415356967043078,0.03518507770060384
CG-12040,0.04206008583690987,0.3125,0.03593047380330636,0.0,0.7346771803977588,0.2653228196022413
CG-12520,0.29012875536480687,0.125,0.04568803761066534,0.9795400337749613,0.020459966225038737,0.0
CH-12070,0.592274678111588,0.125,0.0612025608692504,0.0,0.07114067065824635,0.9288593293417537
CJ-11875,0.3133047210300429,0.0,0.0004667664634426644,0.0,1.0,0.0
CJ-12010,0.16223175965665235,0.4375,0.4457242702225961,0.5613263407509951,0.05892427514833442,0.3797493841006705
CK-12205,0.03347639484978541,0.75,0.12580855897207058,0.11244447050656844,0.29127360845427125,0.5962819210391602
CK-12325,0.10300429184549356,0.25,0.11743999183328428,0.9366395038096017,0.043806091084808756,0.01955440510558951
CK-12595,0.03690987124463519,0.625,0.09457210950763785,0.2886153197766305,0.2556855968812559,0.45569908334211356
CK-12760,0.0703862660944206,0.5,0.06299474119902386,0.6228692207679749,0.3042154491251867,0.07291533010683841
CL-11890,0.09098712446351931,0.1875,0.050210484236956655,0.6336538263442403,0.33465872803312796,0.03168744562263176
CL-12565,0.24377682403433476,0.6875,0.4343645156522128,0.34189240135559373,0.28842008480089143,0.36968751384351484
CL-12700,0.22317596566523604,0.1875,0.09308781851359461,0.5768145553193075,0.2305528462664188,0.1926325984142738
CM-11815,0.11244635193133047,0.3125,0.06666029773605683,0.23221625341719396,0.4015298514595959,0.3662538951232101
CM-11935,0.6068669527896995,0.0625,0.022388135704710925,0.8231598607691654,0.11472394374168718,0.06211619548914734
CM-12115,0.0068669527896995704,0.1875,0.06616992735545027,0.028430257400954496,0.055777228110086,0.9157925144889595
CM-12160,0.022317596566523604,0.3125,0.10098486645434855,0.790869193475424,0.030973657430543554,0.17815714909403255
CM-12190,0.0068669527896995704,0.3125,0.05872267182603298,0.5361456237492745,0.38254705981246573,0.08130731643825957
CM-12235,0.3304721030042918,0.25,0.09189468243685242,0.011684026452566497,0.3811525463717932,0.6071634271756403
CM-12385,0.03175965665236051,0.1875,0.3574210975166482,0.0007219103821523742,0.9744418708021648,0.02483621881568279
CM-12445,0.3742489270386266,0.125,0.011308992169849794,0.19683322337581166,0.8031667766241883,0.0
CM-12655,0.02317596566523605,0.25,0.23506765677444202,0.09584232803011218,0.006498590613916491,0.8976590813559713
CM-12715,0.8875536480686694,0.1875,0.15894180484177448,0.5439779880417194,0.08560825070968346,0.37041376124859715
CP-12085,0.0703862660944206,0.4375,0.21556730656979287,0.10067649540358524,0.8663928056696335,0.0329306989267813
CP-12340,0.13733905579399142,0.375,0.23213929330511032,0.5613073810417303,0.3108009077239566,0.1278917112343131
CR-12580,0.04892703862660944,0.1875,0.085629859346614,0.7786408742900861,0.12840251445888318,0.09295661125103079
CR-12625,0.4034334763948498,0.125,0.018813919537481443,0.2558940953981929,0.7441059046018071,0.0
CR-12730,0.06695278969957082,0.1875,0.0637312553046409,0.2632670019680735,0.7367329980319265,0.0
CR-12820,0.07296137339055793,0.125,0.05563652555611288,0.06371568678228427,0.39381992233339747,0.5424643908843182
CS-11845,0.07811158798283262,0.25,0.0508870499844298,0.7530653956279898,0.17752163095779833,0.06941297341421193
CS-11860,0.1390557939914163,0.3125,0.021279430560091395,0.0,0.10722576037140648,0.8927742396285936
CS-11950,0.02145922746781116,0.625,0.12108346213310635,0.34950685762479555,0.23137432089804635,0.41911882147715807
CS-12130,0.41974248927038627,0.1875,0.03513856437940449,0.3844999095677337,0.4927654187013926,0.12273467173087356
CS-12175,0.19914163090128753,0.25,0.03353373764593542,0.43175622707109174,0.5682437729289082,0.0
CS-12250,0.022317596566523604,0.6875,0.10980745953276144,0.15124449208050494,0.44492225736834007,0.403833250551155
CS-12355,0.005150214592274677,0.625,0.12769795069672893,0.1484097306757122,0.2453023925710192,0.6062878767532686
CS-12400,0.0017167381974248926,0.5,0.14565835498590016,0.38704963513783464,0.2399994413803273,0.37295092348183806
CS-12460,0.02317596566523605,0.0625,0.021799116127158735,0.04356716862437437,0.1846819360603221,0.7717508953153036
CS-12490,0.36394849785407724,0.1875,0.038552166074764825,0.5796169611606101,0.14005621009153083,0.28032682874785914
CS-12505,0.04978540772532188,0.3125,0.22706177520547885,0.0,0.1290135156865795,0.8709864843134205
CT-11995,0.08240343347639484,0.4375,0.1292849646602232,0.5030571597255682,0.32205825106156943,0.17488458921286237
CV-12295,0.21802575107296135,0.25,0.11285927428458661,0.44112472567924865,0.2299277757444638,0.3289474985762877
CV-12805,0.004291845493562232,0.5,0.09447480225928227,0.23813203451222656,0.6447923177760108,0.11707564771176268
CW-11905,0.01888412017167382,0.3125,0.04520126173521062,0.0,0.9366738460239029,0.06332615397609696
CY-12745,0.05150214592274678,0.375,0.07984789811510938,0.31024678630914304,0.16692829934104492,0.522824914349812
Co-12640,0.47124463519313303,0.25,0.05173064040462626,0.025346210529230598,0.5451404379436279,0.4295133515271415
DA-13450,0.3021459227467811,0.1875,0.0060678042689701105,0.24036744067364124,0.7395253891298801,0.020107170196478695
DB-12910,0.018025751072961373,0.4375,0.0865383505542747,0.5279248148484136,0.16265802295911908,0.3094171621924674
DB-12970,0.20686695278969955,0.1875,0.09844288033768538,0.6080087227947149,0.3597958461771691,0.032195431028115847
DB-13060,0.013733905579399141,0.3125,0.16561390932908682,0.18794318211927705,0.4058985766624673,0.4061582412182555
DB-13120,0.04120171673819742,0.375,0.11854921618420353,0.5423784111770432,0.4080604245947152,0.049561164228241694
DB-13210,0.007725321888412017,0.5625,0.09296764222468397,0.48835129558424,0.27096640325271143,0.24068230116304842
DB-13270,0.045493562231759654,0.4375,0.18575859455168073,0.20056822562870272,0.487684328068254,0.3117474463030432
DB-13360,0.22660944206008582,0.25,0.04299958739074751,0.401904451919894,0.5056377176906163,0.09245783038948982
DB-13405,0.16051502145922747,0.1875,0.06817014965562443,0.3075611733886704,0.4964175797982347,0.19602124681309485
DB-13555,0.09184549356223176,0.375,0.1559204395424802,0.27485264797702247,0.722820296792665,0.002327055230312463
DB-13615,0.028326180257510727,0.375,0.07924753587685576,0.0,0.5173655765315099,0.48263442346848995
DB-13660,0.010300429184549355,0.375,0.04594452552272392,0.5313148696072203,0.4115782348022251,0.05710689559055473
DC-12850,0.03175965665236051,0.5,0.13305000911207054,0.2269376122545388,0.7725875915121782,0.000474796233283216
DC-13285,0.019742489270386264,0.25,0.04671998010081948,0.33206199802829517,0.18459448092911906,0.4833435210425858
DD-13570,0.0351931330472103,0.3125,0.010572198491609845,0.0,0.7032596033271253,0.2967403966728747
DE-13255,0.6163090128755364,0.25,0.10168619434842344,0.5598630116579649,0.43402614162832026,0.006110846713714592
DF-13135,0.6,0.125,0.09528238372564628,0.26190800883819265,0.13572950646173615,0.6023624847000713
DG-13300,0.027467811158798282,0.25,0.1274445780224686,0.32345020899187626,0.0570245239247041,0.6195252670834196
DH-13075,0.23776824034334762,0.25,0.1390819881463604,0.06675617501501205,0.507210086722922,0.426033738262066
DH-13675,0.6652360515021459,0.1875,0.0414671300276693,0.5144224500908833,0.3332157346974775,0.1523618152116392
DJ-13420,0.5467811158798283,0.1875,0.08018490294256975,0.9774610935543498,0.02253890644565023,0.0
DJ-13510,0.04120171673819742,0.4375,0.09972175734398338,0.7243693058446936,0.11481447726495071,0.1608162168903556
DJ-13630,0.010300429184549355,0.125,0.13385797399231741,0.3402272316930233,0.5644420000250268,0.09533076828194988
DK-12835,0.018025751072961373,0.6875,0.12986735437271751,0.4872641625313221,0.4706216528275929,0.04211418464108485
DK-12895,0.03862660944206008,0.25,0.17083257166434815,0.5385462904840903,0.11408031804391036,0.3473733914719993
DK-12985,0.006008583690987124,0.25,0.06718557475558262,0.3758796471927162,0.6241203528072838,0.0
DK-13090,0.036051502145922745,0.375,0.10566742831568236,0.5087689115910353,0.08269884405428746,0.40853224435467717
DK-13150,0.008583690987124463,0.0625,0.03167154434359284,0.0,0.4876816171825647,0.5123183828174352
DK-13225,0.008583690987124463,0.5,0.19160953034315503,0.22623883005017908,0.6683287543670927,0.1054324155827281
DK-13375,0.01630901287553648,0.4375,0.1323438086665676,0.03969762114410006,0.46067875531191027,0.49962362354398965
DL-12865,0.08583690987124463,0.375,0.01754082569058332,0.4559213015512675,0.5440786984487325,0.0
DL-12925,0.04892703862660944,0.3125,0.13049519460590983,0.11009107022798115,0.2549721899639386,0.6349367398080802
DL-13315,0.01888412017167382,0.4375,0.05804826278165095,0.16223740929245717,0.7525924767770861,0.08517011393045675
DL-13330,0.04892703862660944,0.1875,0.023172057339386425,0.07071553109295407,0.11317561792759222,0.8161088509794536
DL-13495,0.06523605150214593,0.4375,0.14116376577453577,0.05190259603392967,0.6012569639043862,0.34684044006168413
DM-12955,0.09785407725321887,0.375,0.052607619783788924,0.22215162393705457,0.7778483760629454,0.0
DM-13015,0.04892703862660944,0.375,0.25322370199124,0.12026093193443824,0.2433957336862774,0.6363433343792843
DM-13345,0.01888412017167382,0.4375,0.16253709279698308,0.1376644630273567,0.7335051020107636,0.1288304349618797
DM-13525,0.4128755364806867,0.125,0.05479459659607551,0.3220646255934084,0.663416115143028,0.014519259263563412
DN-13690,0.18626609442060085,0.375,0.08526793261676739,0.893209146691965,0.07876006524004692,0.02803078806798798
DO-13435,0.11416309012875536,0.5,0.05172886312152339,0.2888064635356912,0.4716501100165649,0.23954342644774373
DO-13645,0.022317596566523604,0.375,0.0504222405293476,0.46975971265256655,0.3270407696265178,0.2031995177209157
DP-13000,0.10815450643776824,0.4375,0.03565313776136695,0.17950494917127563,0.8049188656793579,0.01557618514936648
DP-13105,0.005150214592274677,0.4375,0.08827182063323438,0.08340940549940813,0.6321962688972742,0.28439432560331773
DP-13165,0.696137339055794,0.0625,0.04208698247163526,0.8349769888231426,0.05170524533919759,0.11331776583765973
DP-13390,0.30729613733905575,0.5,0.21870131567275733,0.06551287749574693,0.934487122504253,0.0
DR-12880,0.0025751072961373387,0.5,0.2605297733460813,0.2111514737821525,0.2866599653126806,0.5021885609051668
DR-12940,0.04291845493562232,0.4375,0.3333318422793444,0.09508233156122213,0.22208014783612912,0.6828375206026487
DS-13030,0.07982832618025751,0.1875,0.07018790515315047,0.1348242238594313,0.6412561932070641,0.22391958293350464
DS-13180,0.019742489270386264,0.5,0.11490354125455499,0.6605449181154307,0.11926798298626476,0.22018709889830457
DV-13045,0.01630901287553648,0.25,0.04451794630584118,0.8885628455278017,0.04572110518873444,0.06571604928346389
DV-13465,0.02489270386266094,0.25,0.12978775605307677,0.0,0.41734042876803623,0.5826595712319638
DW-13195,0.05922746781115879,0.3125,0.04297103104426325,0.7327895139583493,0.1534747596809996,0.11373572636065107
DW-13480,0.18626609442060085,0.25,0.2103502417923768,0.5076632873184527,0.3484103961812176,0.1439263165003297
DW-13540,0.08412017167381974,0.25,0.01354916765838398,0.04705882352941176,0.9529411764705882,0.0
DW-13585,0.207725321888412,0.375,0.04792757407606141,0.6732284575558533,0.12762708178750287,0.19914446065664387
Dl-13600,0.10214592274678111,0.25,0.029984922648445773,0.8917631239726734,0.10823687602732655,0.0
Dp-13240,0.07210300429184549,0.625,0.2873179028682433,0.4011948722842722,0.1536960318588157,0.44510909585691205
EA-14035,0.13047210300429185,0.6875,0.10973656790337745,0.2641974887018468,0.27997911671857817,0.455823394579575
EB-13705,0.04120171673819742,0.5,0.14538355506704012,0.699187210457786,0.2950316846905523,0.005781104851661656
EB-13750,0.030042918454935622,0.5625,0.12906194558502307,0.6831018251010254,0.25079828471526555,0.066099890183709
EB-13840,0.07725321888412016,0.1875,0.038326011792293356,0.565691462888616,0.43430853711138395,0.0
EB-13870,0.08583690987124463,0.5625,0.1103267856493136,0.7917432628209043,0.05350281275171932,0.15475392442737637
EB-13930,0.13819742489270387,0.25,0.03753330358946885,0.5994749100148211,0.20895193732796952,0.1915731526572094
EB-13975,0.0,0.1875,0.06543684799920058,0.0,0.03610334366851158,0.9638966563314885
EB-14110,0.09699570815450644,0.3125,0.12246451095139882,0.24138443033597448,0.1274386006956406,0.6311769689683849
EB-14170,0.0703862660944206,0.3125,0.04718758528213091,0.004477689943573689,0.9955223100564264,0.0
EC-14050,0.045493562231759654,0.25,0.018255333436881706,0.08001489454746988,0.378867061834021,0.541118043618509
ED-13885,0.11587982832618025,0.4375,0.1389910072270721,0.7912284930500556,0.047401948968699426,0.16136955798124492
EG-13900,0.01888412017167382,0.25,0.07297592316577493,0.632210347048613,0.23680855012499863,0.13098110282638836
EH-13765,0.11587982832618025,0.5625,0.39681527642323733,0.14245370901313628,0.8575462909868637,0.0
EH-13945,0.18626609442060085,0.4375,0.02713204378730322,0.046111279197744416,0.5081375854866692,0.44575113531558624
EH-13990,0.34763948497854075,0.3125,0.032794547630927554,0.5432629093770809,0.09213632786488285,0.36460076275803616
EH-14005,0.0017167381974248926,0.375,0.0485137180494921,0.19840430329717187,0.7499708904249998,0.051624806277828346
EH-14125,0.13047210300429185,0.5625,0.12292488718346037,0.2667040370745588,0.37265595576277966,0.3606400071626615
EH-14185,0.09012875536480686,0.3125,0.036705928381401916,0.0,0.7600283152430392,0.23997168475696082
EJ-13720,0.2592274678111588,0.1875,0.0861619259869822,0.25896158218533755,0.2556750751789634,0.4853633426356991
EJ-14155,0.04892703862660944,0.25,0.10591241381125499,0.415370474022007,0.5163340411060224,0.06829548487197043
EK-13795,0.03776824034334764,0.1875,0.051866512699366735,0.9193327390258983,0.06111342117013098,0.019553839803970605
EL-13735,0.06609442060085836,0.0625,0.0047705872986083635,0.6969745735436113,0.30302542645638875,0.0
EM-13810,0.11330472103004291,0.25,0.1023306491832066,0.9089251697500205,0.018624781360415427,0.07245004888956412
EM-13825,0.047210300429184546,0.4375,0.09324805356547552,0.09079508530952754,0.4611587118812719,0.4480462028092006
EM-13960,0.1296137339055794,0.25,0.037098128832416456,0.0,0.21179303076778078,0.7882069692322192
EM-14065,0.040343347639484974,0.1875,0.008952594348071989,0.1324774007598585,0.1688894711559457,0.6986331280841959
EM-14095,0.09699570815450644,0.1875,0.041385095432314535,0.0,0.5021199913163926,0.4978800086836074
EM-14140,0.04120171673819742,0.3125,0.18306427330668157,0.05990189249670258,0.2742363628914079,0.6658617446118896
EM-14200,0.1356223175965665,0.125,0.014457459171313995,0.8126993473673879,0.042134877406480524,0.14516577522613147
EN-13780,0.2463519313304721,0.1875,0.08764733527151712,0.08998229489771142,0.12857887227501016,0.7814388328272783
EP-13915,0.010300429184549355,1.0,0.2185949502714191,0.5220980387804385,0.22966484782352176,0.24823711339603968
ER-13855,0.3613733905579399,0.125,0.04956243489702162,0.7034102110471444,0.29658978895285554,0.0
ES-14020,0.034334763948497854,0.25,0.1400109680333867,0.11232722339933993,0.7140447200906548,0.17362805651000524
ES-14080,0.024034334763948496,0.5,0.18583955079548994,0.2039299052539286,0.07193462151808401,0.7241354732279873
FA-14230,0.08326180257510729,0.375,0.11898694703380835,0.20521076361218665,0.03326347311409244,0.761525763273721
FC-14245,0.060085836909871244,0.375,0.13634792764996007,0.01779601970549401,0.743891174004941,0.23831280628956497
FC-14335,0.1579399141630901,0.375,0.15514415423430508,0.3476227230864876,0.5104106941851192,0.14196658272839327
FG-14260,0.029184549356223173,0.375,0.055048288781904875,0.0,0.9387019717397465,0.06129802826025345
FH-14275,0.03175965665236051,0.5625,0.16979799320374928,0.22406274786949706,0.46205364694737555,0.31388360518312736
FH-14350,0.18197424892703862,0.1875,0.09051966439942588,0.047343264866921086,0.41981011621620196,0.532846618916877
FH-14365,0.004291845493562232,0.4375,0.2788682197298633,0.2543810134995497,0.2905151079202587,0.45510387858019147
FM-14215,0.006008583690987124,0.5625,0.09792250782074458,0.5478137194002535,0.19943027829090001,0.25275600230884654
FM-14290,0.030901287553648068,0.5,0.14902678573318537,0.0,0.47737780492361487,0.5226221950763851
FM-14380,0.12446351931330471,0.5,0.10058355992361596,0.1545496986841657,0.42212275677633676,0.4233275445394976
FO-14305,0.03261802575107296,0.5625,0.10678096607278385,0.5381121384926587,0.19773390311816064,0.26415395838918054
FP-14320,0.019742489270386264,0.4375,0.16142974557653206,0.5285342840889939,0.0508294812671712,0.4206362346438348
FW-14395,0.31072961373390556,0.125,0.0029921060273580984,0.0,0.24526645768025077,0.7547335423197492
GA-14515,0.1278969957081545,0.25,0.15146441937139535,0.11836358694965175,0.4168552250692083,0.46478118798114
GA-14725,0.004291845493562232,0.625,0.055656878443061664,0.47593003914524074,0.5040697034143746,0.020000257440384677
GB-14530,0.05321888412017167,0.625,0.06244881574434793,0.7631366198260692,0.2119979087500956,0.024865471423835148
GB-14575,0.011158798283261802,0.25,0.1881705474475279,0.3916079764424903,0.45070869293817506,0.15768333061933454
GD-14590,0.004291845493562232,0.1875,0.07521450109646384,0.0,0.031579337630490395,0.9684206623695096
GG-14650,0.03690987124463519,0.5,0.08863119127052856,0.38703776978417265,0.4500611510791367,0.16290107913669066
GH-14410,0.06437768240343347,0.5,0.1124135157068093,0.2639193861818564,0.16804098079530636,0.5680396330228372
GH-14425,0.04291845493562232,0.1875,0.16646604668375548,0.0508890095632573,0.9223211208848828,0.02678986955185981
GH-14485,0.3321888412017167,0.0625,0.05417362586161786,0.19371986212611403,0.0,0.806280137873886
GH-14665,0.0017167381974248926,0.0625,0.005675635769112474,0.5366297175461139,0.4633702824538862,0.0
GK-14620,0.09613733905579398,0.5,0.25930109160728176,0.05405593426162065,0.34573844091441486,0.6002056248239644
GM-14440,0.07124463519313304,0.375,0.14290103005337798,0.7175520958351242,0.24896589837055727,0.03348200579431844
GM-14455,0.013733905579399141,0.3125,0.12276397316949524,0.08783404533973621,0.26969451287328366,0.6424714417869801
GM-14500,0.09098712446351931,0.5625,0.04995759083004992,0.13220226140057756,0.3527740303675613,0.5150237082318613
GM-14680,0.13047210300429185,0.3125,0.1261589433464851,0.35517513437104486,0.0458113280069591,0.599013537621996
GM-14695,0.10042918454935622,0.125,0.24143624124673094,0.2185718068498236,0.7766364306840733,0.004791762466103115
GP-14740,0.655793991416309,0.0625,0.009253734001905966,0.0,1.0,0.0
GR-14560,0.9742489270386265,0.0625,0.051103758706141096,0.7987355766984849,0.20126442330151512,0.0
GT-14635,0.04806866952789699,0.125,0.37328452740864093,0.10605726829848366,0.0384407924876476,0.8555019392138687
GT-14710,0.030901287553648068,0.625,0.4718901110250781,0.5261587868820282,0.30661110039491984,0.16723011272305188
GT-14755,0.029184549356223173,0.1875,0.008850590279651302,0.1569715062975852,0.8430284937024148,0.0
GW-14605,0.024034334763948496,0.375,0.08723408699589111,0.3173060626700818,0.40474751475432597,0.2779464225755921
GZ-14470,0.006008583690987124,0.5,0.1737470763193721,0.5945352054464256,0.28377438205343103,0.12169041250014352
GZ-14545,0.13476394849785406,0.1875,0.09784199090534282,0.147620285322954,0.18019882491071942,0.6721808897663265
HA-14905,0.05922746781115879,0.375,0.08620689724032665,0.3527629085193916,0.5099690287985946,0.13726806268201358
HA-14920,0.017167381974248927,0.4375,0.10301552223147517,0.22396772952737412,0.5976801728067711,0.1783520976658548
HD-14785,0.6592274678111587,0.125,0.009846028573040963,0.0,1.0,0.0
HE-14800,0.010300429184549355,0.125,0.029979331195987318,0.2963087488186037,0.47702200772507414,0.2266692434563221
HF-14995,0.018025751072961373,0.375,0.10097887561242877,0.7276686389037582,0.13150194776177143,0.14082941333447024
HG-14845,0.0463519313304721,0.25,0.03118412944500002,0.46626647726404863,0.5337335227359514,0.0
HG-14965,0.019742489270386264,0.6875,0.1295143739668044,0.05660722456477654,0.9216169762553877,0.02177579917983571
HG-15025,0.005150214592274677,0.375,0.14719302896048866,0.07364311256261036,0.32603127564165796,0.6003256117957316
HH-15010,0.061802575107296136,0.0625,0.00854034454609927,0.25119359028298605,0.748806409717014,0.0
HJ-14875,0.10815450643776824,0.25,0.0141091116831522,0.4576375314158056,0.5423624685841943,0.0
HK-14890,0.1296137339055794,0.4375,0.19462052749203346,0.21297458026021654,0.17041632019786035,0.6166090995419232
HL-15040,0.03690987124463519,0.3125,0.5139529304343037,0.08865871045632595,0.0070811690990141,0.90426012044466
HM-14860,0.0017167381974248926,0.5625,0.32877468072107535,0.2127710141729432,0.06463727117714956,0.7225917146499071
HM-14980,0.21201716738197424,0.1875,0.029213062575502078,0.18957564826233644,0.12595276771210795,0.6844715840255556
HP-14815,0.02575107296137339,0.375,0.0792980187047664,0.6803197887368526,0.27145465489364995,0.04822555636949747
HR-14770,0.011158798283261802,0.1875,0.037373068537587956,0.7308194448578974,0.029836655368769324,0.23934389977333329
HR-14830,0.13648068669527896,0.375,0.20943799632377977,0.28850684929679943,0.16184806127587192,0.5496450894273287
HW-14935,0.10042918454935622,0.375,0.1926295710273619,0.25194503487413045,0.1635486317749994,0.5845063333508702
HZ-14950,0.030042918454935622,0.25,0.03521364959813233,0.9150656499571357,0.022695483463430043,0.0622388665794342
IG-15085,0.06094420600858369,0.1875,0.02954447595050398,0.0,1.0,0.0
IL-15100,0.12188841201716738,0.375,0.20112865864210697,0.33210229617262244,0.29937493254953246,0.36852277127784516
IM-15055,0.35107296137339056,0.0625,0.0017400200661253154,0.0,1.0,0.0
IM-15070,0.33476394849785407,0.375,0.19672491056371944,0.4790050611766738,0.28612096930234293,0.23487396952098316
JA-15970,0.07896995708154506,0.4375,0.2590517128276346,0.12180385658600042,0.8467371722128366,0.03145897120116296
JB-15400,0.006008583690987124,0.5625,0.07136179065785714,0.1205488933107465,0.6256468362166884,0.2538042704725651
JB-15925,0.6317596566523604,0.125,0.035774072890254124,0.08073270616244259,0.36143609697163515,0.5578311968659223
JB-16000,0.03690987124463519,0.375,0.025532401129042055,0.5473878421185657,0.45261215788143433,0.0
JB-16045,0.006008583690987124,0.25,0.1003778344120909,0.28525305635366144,0.5161150304890761,0.1986319131572625
JC-15340,0.09785407725321887,0.1875,0.002653144191537281,0.6727193634845571,0.32728063651544276,0.0
JC-15385,0.1502145922746781,0.0,0.04206669348700029,0.1875611941314119,0.7651846503381506,0.04725415553043734
JC-15775,0.1356223175965665,0.5,0.11051993039280711,0.2695447961891088,0.21621432475185376,0.5142408790590374
JC-16105,0.04892703862660944,0.25,0.03409759568742455,0.4208736326195933,0.5373362404725965,0.04179012690781014
JD-15790,0.10042918454935622,0.25,0.0857696456580754,0.10591204412661125,0.8606473290614174,0.03344062681197127
JD-15895,0.3381974248927038,0.625,0.30377686238600776,0.14366148179759877,0.8226829437498817,0.03365557445251945
JD-16015,0.09613733905579398,0.3125,0.015200643080935036,0.0,0.5362685831409076,0.4637314168590924
JD-16060,0.2575107296137339,0.125,0.02758219564915505,0.1549690700302829,0.8450309299697171,0.0
JD-16150,0.0351931330472103,0.4375,0.35238920966297244,0.46203063072788436,0.33895736993659004,0.19901199933552569
JE-15475,0.16566523605150213,0.3125,0.05526947066558294,0.18152463991036102,0.08461980496614775,0.7338555551234912
JE-15610,0.04120171673819742,0.375,0.3095325437909576,0.21869622807343314,0.30972939181243114,0.4715743801141357
JE-15715,0.03948497854077253,0.5625,0.3471896581134351,0.7956151887312751,0.07066614101910094,0.13371867024962392
JE-15745,0.04377682403433476,0.75,0.2698268011655942,0.6541993827667226,0.2077222938358763,0.13807832339740106
JE-16165,0.017167381974248927,0.125,0.10753221764952352,0.7291135260828815,0.07275118936041476,0.1981352845567037
JF-15190,0.05579399141630901,0.3125,0.08925447846386186,0.011211793502964362,0.820620234094747,0.16816797240228865
JF-15295,0.19313304721030042,0.25,0.0379536210585602,0.5212893823210388,0.2915181693685846,0.18719244831037643
JF-15355,0.09012875536480686,0.3125,0.0761640096018019,0.7142863120631181,0.13179841033055,0.15391527760633192
JF-15415,0.0017167381974248926,0.25,0.09204325531646282,0.07688816990498097,0.7781627690271895,0.14494906106782968
JF-15490,0.103862660944206,0.5625,0.03539057912949632,0.8899556653010832,0.11004433469891689,0.0
JF-15565,0.0463519313304721,0.4375,0.16748393066487122,0.13333104671093185,0.3245674710813723,0.5421014822076958
JG-15115,0.6497854077253219,0.125,0.09401000877977851,0.03304904955152806,0.04464962546784722,0.9223013249806247
JG-15160,0.0008583690987124463,0.625,0.2540739622154405,0.10089796544102217,0.21102564843635138,0.6880763861226266
JG-15310,0.0017167381974248926,0.3125,0.08929337899739426,0.577062189254568,0.42293781074543196,0.0
JG-15805,0.1914163090128755,0.3125,0.05999568579503884,0.3450854601603962,0.6549145398396038,0.0
JH-15430,0.004291845493562232,0.1875,0.012159332271942528,0.06789941832831632,0.5441039055098762,0.38799667616180755
JH-15820,0.14935622317596567,0.3125,0.0209310830719296,0.034365014841844545,0.6253918436028814,0.3402431415552741
JH-15910,0.0351931330472103,0.375,0.03812747529107204,0.36374504026672866,0.20609561250556296,0.4301593472277084
JH-15985,0.02489270386266094,0.3125,0.317521211674138,0.5402445104323094,0.33003955500680204,0.12971593456088862
JH-16180,0.3467811158798283,0.1875,0.08992497349152298,0.23165280531680194,0.7157047926913472,0.052642401991850704
JJ-15445,0.41459227467811155,0.25,0.02813079701322183,0.0,0.5657225689460191,0.4342774310539808
JJ-15760,0.6454935622317596,0.0625,0.007595069569051183,0.0,0.38482051282051283,0.6151794871794871
JK-15205,0.05236051502145923,0.1875,0.17003842565946287,0.031864546117441044,0.4941275726768603,0.4740078812056988
JK-15325,0.2463519313304721,0.125,0.01513602186609374,0.0,0.3018456952883182,0.6981543047116817
JK-15370,0.03776824034334764,0.375,0.08513485604825614,0.17314265012464555,0.41501681755503733,0.4118405323203171
JK-15625,0.05236051502145923,0.375,0.14997853081950682,0.5226844055416608,0.047106032189122,0.43020956226921714
JK-15640,0.15450643776824033,0.5,0.18993369216346356,0.0,0.12802656228402706,0.871973437715973
JK-15730,0.07210300429184549,0.5,0.1903117542275474,0.394614981446152,0.1370485754418332,0.468336443112015
JK-16090,0.024034334763948496,0.125,0.14948488544531743,0.16533054688942567,0.047537295192637136,0.7871321579179372
JK-16120,0.10042918454935622,0.5625,0.11692729558179002,0.2562401022477872,0.4284258669442016,0.31533403080801126
JL-15130,0.0068669527896995704,0.3125,0.04833103730988512,0.7695389791893699,0.1695666345118671,0.060894386298763085
JL-15175,0.005150214592274677,0.25,0.06257194751527234,0.5414620085102159,0.09747486991918032,0.36106312157060383
JL-15235,0.10214592274678111,0.25,0.08782043066405246,0.4298479829377864,0.22891500657984298,0.34123701048237054
JL-15505,0.04206008583690987,0.3125,0.12656815778855177,0.20405283889656617,0.555345297261328,0.2406018638421059
JL-15835,0.018025751072961373,0.5625,0.3822760222902454,0.20137791639251015,0.13559977958182992,0.6630223040256599
JL-15850,0.527038626609442,0.3125,0.10865082765278372,0.15971343609554478,0.366722245543171,0.4735643183612842
JM-15250,0.03175965665236051,0.3125,0.12597897845521508,0.7189440610397446,0.24873556640104438,0.03232037255921107
JM-15265,0.03175965665236051,0.25,0.07186266498129638,0.06551576202812853,0.3108927991415329,0.6235914388303385
JM-15535,0.08755364806866953,0.375,0.06903886167293781,0.7273876325901687,0.06977904667185479,0.20283332073797639
JM-15580,0.0,0.25,0.01194633787222149,0.0,0.5370260702488584,0.46297392975114166
JM-15655,0.0068669527896995704,0.25,0.034352046713230416,0.21917643508793022,0.17621773357211484,0.6046058313399549
JM-15865,0.09356223175965665,0.375,0.3043444746884333,0.05437794980666421,0.10251307659097429,0.8431089736023615
JM-16195,0.04892703862660944,0.5625,0.1129909929289294,0.06023798786559704,0.8506615910224897,0.0891004211119133
JO-15145,0.04892703862660944,0.5,0.12980620784618968,0.8448786755184183,0.09128929516253557,0.06383202931904616
JO-15280,0.07896995708154506,0.3125,0.07705976028564653,0.5402549382920293,0.4390861264599808,0.02065893524798994
JO-15550,0.18454935622317595,0.25,0.04337389519389499,0.0,0.5841949033678694,0.41580509663213056
JP-15460,0.03175965665236051,0.375,0.06647046792509226,0.08451383501034967,0.8615660207233088,0.05392014426634155
JP-15520,0.0068669527896995704,0.375,0.14500876799653906,0.18775088747533417,0.5696263114088097,0.24262280111585618
JP-16135,0.08755364806866953,0.5,0.0680111127721275,0.3203559152315088,0.637482359416997,0.0421617253514941
JR-15670,0.5090128755364807,0.0625,0.046002676628291855,0.5101404218014314,0.4898595781985686,0.0
JR-15700,0.058369098712446346,0.0,0.03430943185770776,0.0,0.0,1.0
JR-16210,0.028326180257510727,0.25,0.08773999362654297,0.2188341116762336,0.31292200613529814,0.46824388218846835
JS-15595,0.10214592274678111,0.1875,0.05642658181291423,0.21334542843317197,0.23365644931697013,0.5529981222498579
JS-15685,0.036051502145922745,0.125,0.039354359777295636,0.34051440320906157,0.5851730364493494,0.07431256034158894
JS-15880,0.45836909871244635,0.25,0.15429161749017511,0.5252847710197982,0.4489656206534609,0.02574960832674081
JS-15940,0.39742489270386266,0.25,0.018545090491068113,0.6208594344468624,0.3791405655531376,0.0
JS-16030,0.024034334763948496,0.3125,0.10031309338041124,0.5195649184937458,0.3541959567557086,0.12623912475054583
JW-15220,0.036051502145922745,0.3125,0.3082040945647208,0.22949257120893107,0.7120457970859838,0.058461631705085164
JW-15955,0.004291845493562232,0.3125,0.04171243503481098,0.7414714297423465,0.2475301123291379,0.010998457928515743
JW-16075,0.39570815450643776,0.1875,0.056868985519216486,0.0,1.0,0.0
KA-16525,0.030901287553648068,0.375,0.0604944433543331,0.39847687340490917,0.5897429822587077,0.011780144336383006
KB-16240,0.0034334763948497852,0.375,0.1257190957327353,0.2939984742824608,0.06673856465188424,0.639262961065655
KB-16315,0.2540772532188841,0.5,0.06248971322518692,0.156978433401467,0.2849061845317892,0.5581153820667438
KB-16405,0.10042918454935622,0.125,0.03610432803581821,0.3242717762903806,0.6128379515878264,0.06289027212179298
KB-16585,0.19742489270386265,0.6875,0.10942907795710853,0.39848991271310746,0.39355101499521633,0.20795907229167623
KB-16600,0.0008583690987124463,0.375,0.03910378282926456,0.00986663576990859,0.34988952376306254,0.6402438404670289
KC-16255,0.34935622317596565,0.3125,0.0845156426274283,0.0,0.3225642800362479,0.6774357199637522
KC-16540,0.08326180257510729,0.1875,0.15589884056041212,0.026368754193040283,0.0025346304828079594,0.9710966153241518
KC-16675,0.04892703862660944,0.1875,0.04557900428772544,0.6085319139653593,0.3914680860346407,0.0
KD-16270,0.415450643776824,0.25,0.3305956250798529,0.10583604331037127,0.21929262173888162,0.6748713349507471
KD-16345,0.0351931330472103,0.3125,0.0752502065143057,0.1900819708581,0.11658559930205128,0.6933324298398487
KD-16495,0.09613733905579398,0.6875,0.32655771774803294,0.2295307713143312,0.12214188139327263,0.6483273472923962
KD-16615,0.248068669527897,0.1875,0.03603790956840098,0.12333904347423492,0.876660956525765,0.0
KE-16420,0.022317596566523604,0.375,0.05784949463454207,0.26677782661745025,0.32043213660233133,0.41279003678021847
KF-16285,0.08326180257510729,0.375,0.42333018361491154,0.24893981346752336,0.3503901165813834,0.4006700699510933
KH-16330,0.034334763948497854,0.4375,0.13211927191141445,0.46193806929593245,0.07645891892936142,0.46160301177470614
KH-16360,0.0008583690987124463,0.3125,0.12364215071704186,0.6130447795467475,0.38051133131136694,0.006443889141885538
KH-16510,0.01888412017167382,0.3125,0.20867548196423094,0.4809574936970512,0.13698351433496603,0.3820589919679829
KH-16630,0.04978540772532188,0.5,0.1563263470398072,0.0,0.24812003982683187,0.751879960173168
KH-16690,0.0017167381974248926,0.375,0.23907317362094913,0.0,0.37977388324996386,0.6202261167500362
KL-16555,0.013733905579399141,0.4375,0.20016021907630244,0.5874631814129725,0.10066325285737751,0.31187356572964986
KL-16645,0.040343347639484974,0.6875,0.5659506825106597,0.08913203448071282,0.6811142169202345,0.22975374859905262
KM-16225,0.012017167381974248,0.3125,0.09010725484166864,0.33172663976951366,0.40296989152385854,0.2653034687066279
KM-16375,0.04806866952789699,0.4375,0.22427128097819424,0.4273107687183307,0.2034544764176844,0.369234754863985
KM-16660,0.012875536480686695,0.25,0.017920804824081524,0.04258077603199732,0.29878422535708143,0.6586349986109212
KM-16720,0.024034334763948496,0.4375,0.1958861128170588,0.24548057306366142,0.27502998285762703,0.4794894440787115
KN-16390,0.01630901287553648,0.4375,0.08863462601989591,0.5764974915538338,0.04053350454973414,0.38296900389643207
KN-16450,0.04463519313304721,0.25,0.08655284839172053,0.2682823180147719,0.03125607169922862,0.7004616102859995
KN-16705,0.08412017167381974,0.375,0.07980508356485606,0.5680201297047942,0.16498969051577375,0.2669901797794319
KS-16300,0.2532188841201717,0.125,0.0033404535155198947,0.0,0.8103806854145945,0.18961931458540557
KT-16465,0.3356223175965665,0.375,0.12190432729295379,0.8420509633312616,0.1422531156978836,0.015695920970854732
KT-16480,0.08583690987124463,0.5625,0.1852070936201248,0.2597219820286059,0.1974339825152834,0.5428440354561107
KW-16435,0.08240343347639484,0.25,0.17619812944348232,0.13647985291587042,0.006573501308722704,0.8569466457754068
KW-16570,0.6609442060085836,0.1875,0.017743396025363945,0.5454958405329818,0.21736109874058104,0.2371430607264371
LA-16780,0.13218884120171673,0.625,0.34620632132072343,0.6211520931898205,0.10170453379378505,0.27714337301639463
LB-16735,0.04120171673819742,0.125,0.0018114309018090228,0.03961106240535586,0.9603889375946442,0.0
LB-16795,0.13047210300429185,0.4375,0.19892962026808858,0.18129738073633347,0.6238143032158529,0.19488831604781381
LC-16870,0.02317596566523605,0.4375,0.10287757311153584,0.292853422941957,0.31809459744317836,0.3890519796148648
LC-16885,0.013733905579399141,0.6875,0.3058641515887493,0.3446588246102178,0.430551187596289,0.2247899877934931
LC-16930,0.0351931330472103,0.4375,0.17925050334055334,0.30054845974111416,0.016548607528334418,0.6829029327305515
LC-16960,0.3742489270386266,0.1875,0.12947379599753447,0.8432668253134176,0.15673317468658232,0.0
LC-17050,0.0463519313304721,0.25,0.08348162331207529,0.6832946392091125,0.034997498883089014,0.28170786190779856
LC-17140,0.011158798283261802,0.5,0.1049894647050946,0.4073357123491882,0.10996809668352836,0.4826961909672833
LD-16855,0.47381974248927033,0.0,1.881124362809061e-05,0.0,1.0,0.0
LD-17005,0.35536480686695276,0.1875,0.07816455141354513,0.07870295331035601,0.7898043461196961,0.13149270056994783
LE-16810,0.018025751072961373,0.3125,0.058495259466758355,0.5807655925686482,0.048518833577188746,0.37071557385416315
LF-17185,0.01888412017167382,0.375,0.15678736229500684,0.14094332311667523,0.7493670667081541,0.10968961017517072
LH-16750,0.1296137339055794,0.125,0.011286466604231443,0.0,0.053808632482795576,0.9461913675172045
LH-16900,0.018025751072961373,0.5,0.09148011617600406,0.39850444293026016,0.20163793298747196,0.39985762408226777
LH-17020,0.20515021459227467,0.1875,0.012517105351391434,0.40309641495856885,0.2575925640791983,0.33931102096223276
LH-17155,0.3304721030042918,0.5,0.0692883203304772,0.3156771124034238,0.5323899846466811,0.1519329029498951
LL-16840,0.21373390557939914,0.25,0.09783927505700585,0.707900498420487,0.04814479534774953,0.24395470623176346
LM-17065,0.3356223175965665,0.25,0.05359570931109032,0.06384144630056714,0.7475968499540383,0.18856170374539458
LO-17170,0.0017167381974248926,0.25,0.025541635013387735,0.5769224800186235,0.35119112283696746,0.07188639714440909
LP-17080,0.034334763948497854,0.1875,0.030025021350362127,0.7136924634486114,0.28630753655138874,0.0
LP-17095,0.007725321888412017,0.3125,0.12379499706388836,0.022347032748912123,0.3035421214589818,0.6741108457921061
LR-16915,0.022317596566523604,0.3125,0.2052086616231499,0.2580089179395562,0.08358643346972872,0.6584046485907152
LR-17035,0.11330472103004291,0.25,0.07486447617256452,0.2420920275889078,0.27909079202641823,0.4788171803846739
LS-16945,0.15278969957081545,0.3125,0.11344406033384884,0.6081630214355755,0.3672417731884848,0.02459520537593972
LS-16975,0.017167381974248927,0.5,0.11917146496493738,0.5879369914550734,0.2672683604836124,0.14479464806131415
LS-17200,0.08240343347639484,0.3125,0.0401555350367001,0.6831496175226873,0.3168503824773127,0.0
LS-17230,0.6660944206008583,0.125,0.014539653522453297,0.7414660594231186,0.25853394057688134,0.0
LS-17245,0.029184549356223173,0.3125,0.04007086447090063,0.12528071609386035,0.33317925359276923,0.5415400303133704
LT-16765,0.022317596566523604,0.125,0.012981874867527507,0.0,0.3889097721568105,0.6110902278431897
LT-17110,0.029184549356223173,0.4375,0.11707778553081474,0.5238555818778496,0.1006037628922858,0.3755406552298644
LW-16825,0.07553648068669527,0.25,0.08919277279208819,0.04794015891434596,0.30158159228010323,0.6504782488055509
LW-16990,0.028326180257510727,0.3125,0.12882207227455533,0.7244931443069825,0.08292955346672826,0.19257730222628924
LW-17125,0.1759656652360515,0.125,0.05009170581116059,0.9203123014360148,0.008228491549116788,0.07145920701486848
LW-17215,0.018025751072961373,0.375,0.21629659172616006,0.7024979549909842,0.1455090790282988,0.15199296598071696
MA-17560,0.054935622317596564,0.625,0.1715109346643972,0.16858963876905284,0.24640645000268654,0.5850039112282606
MA-17995,0.15965665236051502,0.3125,0.09778855259541844,0.7315834611891652,0.25905765496371397,0.009358883847120839
MB-17305,0.04120171673819742,0.5625,0.06166050082559792,0.6836240929500962,0.22015597577842605,0.09621993127147764
MB-18085,0.03776824034334764,0.375,0.05684901604615057,0.18296480051196198,0.16850285423016306,0.648532345257875
MC-17275,0.06523605150214593,0.4375,0.10867982332767544,0.6715678973668938,0.3284321026331061,0.0
MC-17425,0.3424892703862661,0.25,0.1768218959041692,0.06949061604128752,0.08216576288915192,0.8483436210695606
MC-17575,0.02317596566523605,0.4375,0.05188308736201144,0.0,0.7929415987354791,0.20705840126452096
MC-17590,0.04377682403433476,0.3125,0.09670153429854848,0.5258069954374714,0.16816435819785688,0.30602864636467175
MC-17605,0.09613733905579398,0.4375,0.089996783716668,0.5099433529124184,0.09409740181525753,0.39595924527232407
MC-17635,0.16223175965665235,0.1875,0.0315645878458518,0.0,0.9836635419050901,0.01633645809490992
MC-17845,0.0008583690987124463,0.375,0.15180318151248548,0.48543847488276837,0.38844327240565113,0.12611825271158053
MC-18100,0.0351931330472103,0.5625,0.0884306977609468,0.4102209123110618,0.29074079081379733,0.29903829687514083
MC-18130,0.3167381974248927,0.25,0.06299030797600323,0.66312599636662,0.14573343329131896,0.1911405703420611
MD-17350,0.10042918454935622,0.3125,0.10829760761319385,0.4933765570171241,0.46613768456331367,0.04048575841956228
MD-17860,0.030901287553648068,0.25,0.04792981065704479,0.10438953946767808,0.895610460532322,0.0
ME-17320,0.036051502145922745,0.5625,0.4257050332298023,0.3874873777725764,0.08369812133242709,0.5288145008949966
ME-17725,0.024034334763948496,0.4375,0.07602858462325811,0.7436772355748624,0.2438309726431856,0.012491791781952
ME-18010,0.07896995708154506,0.1875,0.05000799378006828,0.8547843022441731,0.14521569775582682,0.0
MF-17665,0.3613733905579399,0.25,0.037231325217766106,0.09933844802617607,0.900661551973824,0.0
MF-18250,0.006008583690987124,0.25,0.07003162405693664,0.08933970312233407,0.6291554342262413,0.28150486265142466
MG-17650,0.02489270386266094,0.375,0.15098690933144318,0.010882165527692033,0.044634525989650425,0.9444833084826575
MG-17680,0.07896995708154506,0.1875,0.09367100700501158,0.8598069601240411,0.010211949001526686,0.1299810908744322
MG-17695,0.4763948497854077,0.125,0.05341630356506615,0.0,0.9982298801593108,0.0017701198406892143
MG-17875,0.09957081545064377,0.25,0.04944441531120206,0.6794195197584872,0.3205804802415127,0.0
MG-17890,0.08497854077253218,0.5,0.030814933826957408,0.3786451034539609,0.31064267166762843,0.31071222487841066
MG-18145,0.07210300429184549,0.1875,0.12208177603061751,0.3207118110051043,0.24663903136424997,0.4326491576306457
MG-18205,0.22660944206008582,0.0,0.0004755130926455346,0.7360057351096242,0.26399426489037575,0.0
MH-17290,0.25236051502145923,0.25,0.06736390215006124,0.4457149106860458,0.09501952403333126,0.45926556528062285
MH-17440,0.3227467811158798,0.1875,0.015783192549213867,0.6037258509659614,0.3962741490340387,0.0
MH-17455,0.14592274678111586,0.375,0.08554367110086153,0.8855980405218442,0.09595778438845963,0.01844417508969606
MH-17620,0.13304721030042918,0.1875,0.04984248678729799,0.03548850574712644,0.05007982120051086,0.9144316730523626
MH-17785,0.08412017167381974,0.375,0.08782354590185076,0.6580063872132311,0.34199361278676893,0.0
MH-18025,0.04206008583690987,0.25,0.1190226524516502,0.9795112008651408,0.020488799134859303,0.0
MH-18115,0.004291845493562232,0.5,0.2195947099587802,0.1367067574543988,0.290735773500466,0.572557469045135
MJ-17740,0.01888412017167382,0.375,0.2522509090803071,0.0,0.266955514428202,0.733044485571798
MK-17905,0.024034334763948496,0.4375,0.09176112660098759,0.637192664248287,0.3438703109146757,0.018937024837037346
MK-18160,0.20600858369098712,0.1875,0.04100807178083008,0.0,0.7597910822196933,0.24020891778030673
ML-17395,0.05922746781115879,0.5,0.10855445497576763,0.20484691919438613,0.2774486079439762,0.5177044728616377
ML-17410,0.0463519313304721,0.25,0.11504121878966062,0.4882596369131378,0.22305580779548467,0.28868455529137754
ML-17755,0.02489270386266094,0.375,0.08255703670912348,0.35688739976659256,0.44583414176457126,0.19727845846883604
ML-18040,0.06781115879828326,0.125,0.02944494809674347,0.08198554876684787,0.11621626720497197,0.8017981840281801
ML-18265,0.08583690987124463,0.0625,0.006286350182203469,0.0,0.06331673159426007,0.93668326840574
MM-17260,0.14420600858369098,0.1875,0.05228766888632685,0.8755653439856076,0.12443465601439246,0.0
MM-17920,0.006008583690987124,0.5625,0.14519496336340562,0.9018552541359729,0.09291434448566255,0.0052304013783645974
MM-18055,0.05236051502145923,0.4375,0.10963432420127997,0.7037784544131183,0.1635161666995772,0.13270537888730458
MM-18280,0.07296137339055793,0.5,0.030776193049209533,0.26644347406675656,0.46533335740649506,0.26822316852674827
MN-17935,0.029184549356223173,0.3125,0.09877352688492154,0.05460167412849191,0.31749198731530065,0.6279063385562075
MO-17500,0.061802575107296136,0.1875,0.03665013367365575,0.8819929169733557,0.08347001095950404,0.03453707206714024
MO-17800,0.08927038626609442,0.4375,0.0671850555492829,0.8024145434542541,0.18454476425095745,0.013040692294788405
MO-17950,0.15450643776824033,0.0625,0.0059690751941322345,0.0,0.20864876075909985,0.7913512392409001
MP-17470,0.6163090128755364,0.3125,0.11746000124529633,0.7426388967154158,0.1474753057041464,0.10988579758043765
MP-17965,0.061802575107296136,0.5,0.15890943831982923,0.5015777020123796,0.12562122801195488,0.3728010699756655
MP-18175,0.013733905579399141,0.4375,0.18980980155256263,0.4463888582928414,0.34341769714621556,0.21019344456094297
MR-17545,0.10729613733905578,0.1875,0.025335070783993923,0.20326106342834074,0.2523365948139642,0.5444023417576951
MS-17365,0.23433476394849784,0.5625,0.2971001090053657,0.5909222442095251,0.1400963769313338,0.2689813788591411
MS-17530,0.3725321888412017,0.1875,0.018804174434625273,0.92344046958306,0.05640210572346401,0.020157424693475954
MS-17710,0.3545064377682403,0.3125,0.06424455064032714,0.2692323425903773,0.6545572647114607,0.07621039269816202
MS-17770,0.103862660944206,0.5,0.12540210031728696,0.16939858389316806,0.46060041759442466,0.37000099851240736
MS-17830,0.38798283261802574,0.1875,0.01459828389537482,0.8621404732845864,0.053614438312074054,0.08424508840333955
MS-17980,0.022317596566523604,0.3125,0.033959406933808424,0.3446643496320967,0.23122009177702207,0.42411555859088124
MT-17815,0.04206008583690987,0.3125,0.1152360809078378,0.8408176907754263,0.055415673779012006,0.1037666354455616
MT-18070,0.1742489270386266,0.1875,0.05250440955919505,0.6174526685289581,0.17036798216953766,0.2121793493015043
MV-17485,0.02317596566523605,0.5,0.062113727986301895,0.4743501810839396,0.5256498189160603,0.0
MV-18190,0.01630901287553648,0.375,0.0690840326210129,0.1381699483561958,0.32231545036418163,0.5395146012796225
MW-18220,0.014592274678111587,0.375,0.2131568314149526,0.2683221325745521,0.07445590520226886,0.6572219622231791
MW-18235,0.03776824034334764,0.0625,0.20964124562064462,0.0,0.5169383517996998,0.48306164820030006
MY-17380,0.02489270386266094,0.375,0.08984074225413094,0.5983573505568285,0.10145167980091249,0.3001909696422591
MY-18295,0.06094420600858369,0.5625,0.1436622663666506,0.4942024720423778,0.17826190767043876,0.3275356202871833
MZ-17335,0.02575107296137339,0.1875,0.023514973130874296,0.32917120109971937,0.04420103570381701,0.6266277631964637
MZ-17515,0.24206008583690986,0.3125,0.10224661764054524,0.00489062757075698,0.95529114907135,0.039818223357893034
NB-18580,1.0,0.0625,0.010745134128360655,0.4743821931413215,0.5256178068586785,0.0
NB-18655,0.01630901287553648,0.5,0.07859050027404106,0.2694110663140354,0.5432340784923849,0.18735485519357964
NC-18340,0.19227467811158797,0.25,0.09811285683800887,0.0,0.7158816675360892,0.2841183324639109
NC-18415,0.0351931330472103,0.3125,0.08843109715040812,0.1323349812301993,0.8574333367883585,0.010231681981442007
NC-18535,0.005150214592274677,0.375,0.3289733450269242,0.11925929709737226,0.1757283262670657,0.7050123766355619
NC-18625,0.17510729613733905,0.25,0.07256543067743201,0.4130167718590229,0.49895978684138587,0.08802344129959126
ND-18370,0.02317596566523605,0.5,0.17258840755314167,0.5725613532066353,0.15907648829591467,0.26836215849745004
ND-18460,0.1570815450643777,0.3125,0.11536851845321093,0.02554558477667702,0.8685049534207375,0.10594946180258549
NF-18385,0.06781115879828326,0.3125,0.3225325908789751,0.47105974228739556,0.01389720454517891,0.5150430531674256
NF-18475,0.45064377682403434,0.1875,0.01487042787431709,0.0,0.2841802726679782,0.7158197273320218
NF-18595,0.09785407725321887,0.375,0.08094182584966013,0.7325269558231666,0.2674730441768334,0.0
NG-18355,0.04120171673819742,0.25,0.07447602998248636,0.11238887878560959,0.66099230843291,0.2266188127814803
NG-18430,0.04120171673819742,0.25,0.05555926765871547,0.0,0.6561738415316439,0.34382615846835607
NH-18610,0.16223175965665235,0.3125,0.10039984077140954,0.23062208327741748,0.6834951517986109,0.08588276492397166
NK-18490,0.060085836909871244,0.375,0.022653969330164364,0.0,0.9982693759964198,0.001730624003580119
NL-18310,0.04978540772532188,0.1875,0.056443995193427715,0.04640326072393148,0.9017072259165496,0.05188951335951879
NM-18445,0.13733905579399142,0.375,0.2577863671362861,0.05037105935215712,0.17124029932451343,0.7783886413233294
NM-18520,0.2094420600858369,0.5625,0.0861541378924865,0.07675930247241068,0.07695588162512217,0.8462848159024671
NP-18325,0.02145922746781116,0.3125,0.22065417038281918,0.25826150802405945,0.345743107121285,0.39599538485465546
NP-18670,0.04978540772532188,0.25,0.15590443201287055,0.5617078284168312,0.032796012283280995,0.40549615929988775
NP-18685,0.3484978540772532,0.25,0.046325063801467975,0.012646707820696643,0.12880238338499053,0.8585509087943128
NP-18700,0.11845493562231758,0.375,0.3154517552108443,0.6123683085896093,0.27227967973661243,0.11535201167377825
NR-18550,0.1802575107296137,0.25,0.09435352365545836,0.42167731110469964,0.2317844510802918,0.34653823781500853
NS-18505,0.005150214592274677,0.1875,0.10268422867331167,0.39903015028361366,0.2817882783362314,0.31918157138015496
NS-18640,0.14935622317596567,0.6875,0.11394261819841245,0.46518226032830695,0.2851915473450645,0.24962619232662867
NW-18400,0.14763948497854076,0.375,0.28872587053622867,0.3057732539638436,0.17152938880129345,0.522697357234863
NZ-18565,0.07296137339055793,0.5,0.0991874541226318,0.2704397763944203,0.618165743014335,0.11139448059124465
ON-18715,0.351931330472103,0.5,0.06241207191390665,0.59366642849852,0.2749387567622742,0.1313948147392059
OT-18730,0.05579399141630901,0.25,0.15231879330704737,0.4896999547480978,0.5103000452519023,0.0
PA-19060,0.08841201716738196,0.3125,0.028938761893468692,0.0,0.5339234008949724,0.4660765991050277
PB-18805,0.02145922746781116,0.125,0.029376013475719935,0.27000524072203097,0.687885287618389,0.042109471659579976
PB-19105,0.04892703862660944,0.1875,0.027297910230588703,0.0,0.923338427833404,0.07666157216659597
PB-19150,0.08326180257510729,0.4375,0.057996022640110514,0.772881704931535,0.15694430145166272,0.07017399361680222
PB-19210,0.5896995708154507,0.0625,0.005108390904991358,0.0,0.4731727161777336,0.5268272838222665
PC-18745,0.0017167381974248926,0.1875,0.07297768047940474,0.8760872982603227,0.12391270173967721,0.0
PC-19000,0.7562231759656652,0.0625,0.04220168712492587,0.9467615272146269,0.053238472785372984,0.0
PF-19120,0.7158798283261802,0.1875,0.36176821216942084,0.7544356839074271,0.09973602163731024,0.1458282944552627
PF-19165,0.1682403433476395,0.3125,0.11043785585850621,0.7363935018050541,0.07228158844765344,0.19132490974729244
PF-19225,0.09785407725321887,0.25,0.08791740242526053,0.13532487688837636,0.5588850692253576,0.30579005388626584
PG-18820,0.030901287553648068,0.75,0.12309478746030518,0.19220598482558754,0.33052534462489475,0.4772686705495177
PG-18895,0.04892703862660944,0.5,0.07917221102445113,0.049151454031977224,0.29724270367216793,0.6536058422958548
PH-18790,0.060085836909871244,0.0,0.02894834724054033,1.0,0.0,0.0
PJ-18835,0.03347639484978541,0.4375,0.048536083859325924,0.0,0.8504143136981698,0.1495856863018302
PJ-19015,0.1150214592274678,0.3125,0.06680599501154574,0.10329435553096923,0.008569711767735536,0.8881359327012953
PK-18910,0.41459227467811155,0.0625,0.05736506716911991,0.0,0.8051683653077538,0.19483163469224618
PK-19075,0.007725321888412017,0.6875,0.3451564063048099,0.3295554239225141,0.6663774697482368,0.004067106329249189
PL-18925,0.012875536480686695,0.25,0.009371593831940988,0.09508061182306737,0.5542610896062735,0.350658298570659
PM-18940,0.33133047210300426,0.125,0.05593724984490709,0.966699919311343,0.03330008068865706,0.0
PM-19135,0.04377682403433476,0.1875,0.16418217798815307,0.26352115406950327,0.02187837582386503,0.7146004701066316
PN-18775,0.02575107296137339,0.4375,0.058403479768547414,0.7671720448869647,0.15281988505621777,0.08000807005681757
PO-18850,0.0034334763948497852,0.625,0.2983037969516759,0.27336301361596727,0.09141098533680503,0.6352260010472277
PO-18865,0.0,0.375,0.09938331471446228,0.33359992363270863,0.34261639795059706,0.3237836784166943
PO-19180,0.13733905579399142,0.5,0.195229955871059,0.026955822787578198,0.514664596244096,0.4583795809683259
PO-19195,0.07381974248927038,0.25,0.0420167698043355,0.32584509934163336,0.3620316068951552,0.3121232937632113
PP-18955,0.08326180257510729,0.5625,0.28946849530060387,0.4483975971126524,0.35037299685850937,0.20122940602883818
PR-18880,0.030901287553648068,0.25,0.07330174508831838,0.4632812695293607,0.21591063473207486,0.32080809573856445
PS-18760,0.09184549356223176,0.3125,0.08693294734205713,0.4699453902604609,0.10457033966405362,0.4254842700754855
PS-18970,0.05922746781115879,0.4375,0.05087446921639827,0.4965928616286536,0.5034071383713464,0.0
PS-19045,0.20257510729613734,0.375,0.27313450474528594,0.3944658641885291,0.10464060468458718,0.5008935311268838
PT-19090,0.06094420600858369,0.125,0.006135700477394217,0.2772687113467121,0.722731288653288,0.0
PV-18985,0.07639484978540773,0.25,0.11467322134000195,0.19047261413760416,0.7771322155487081,0.03239517031368761
PW-19030,0.03948497854077253,0.5625,0.13779267908733278,0.13026713239916687,0.12373788537839994,0.7459949822224332
PW-19240,0.39828326180257506,0.375,0.15646409646501586,0.23299446896873488,0.6884875771686576,0.07851795386260761
QJ-19255,0.02145922746781116,0.5,0.24376755741033795,0.7211290534348296,0.11474938027332476,0.16412156629184568
RA-19285,0.004291845493562232,0.5,0.10436338178553208,0.11204909572765409,0.40157438807963314,0.4863765161927128
RA-19885,0.047210300429184546,0.3125,0.14143942438073764,0.34548297005490913,0.6094014365702787,0.0451155933748122
RA-19915,0.010300429184549355,0.5,0.1912560307309422,0.37283007579153876,0.14558417437790797,0.48158574983055336
RA-19945,0.05236051502145923,0.25,0.06718088192941213,0.26157485005979825,0.7233159792462309,0.015109170693970827
RB-19330,0.058369098712446346,0.0625,0.04007326080766853,0.6525814424972921,0.2926672988188805,0.05475125868382735
RB-19360,0.08240343347639484,0.3125,0.6035775630509154,0.004998234146895826,0.05135579747202865,0.9436459683810755
RB-19435,0.0351931330472103,0.375,0.07425940113866733,0.39978628398052524,0.16733470803945594,0.4328790079800188
RB-19465,0.007725321888412017,0.6875,0.18813771763380754,0.6331573592090368,0.0916689888125585,0.27517365197840465
RB-19570,0.02145922746781116,0.25,0.02091654529553762,0.43343058125499007,0.363540732500104,0.20302868624490583
RB-19645,0.5562231759656652,0.25,0.008636837039953764,0.09191076694830924,0.643122071248937,0.2649671618027537
RB-19705,0.0463519313304721,0.1875,0.08237874925359101,0.4181324820430966,0.059557425814409065,0.5223100921424944
RB-19795,0.027467811158798282,0.4375,0.22479567934090516,0.6371096526450851,0.18178777828192133,0.1811025690729936
RC-19825,0.3167381974248927,0.3125,0.03840433206565787,0.35529987820891573,0.3050675231708314,0.33963259862025297
RC-19960,0.09442060085836909,0.1875,0.025872888632605107,0.47498176647605744,0.3871635991444034,0.13785463437953924
RD-19480,0.061802575107296136,0.4375,0.17046329616841327,0.17916558427121435,0.506910246598938,0.31392416912984766
RD-19585,0.15450643776824033,0.5,0.11295017532598267,0.020194824815807384,0.18156986611618325,0.7982353090680094
RD-19660,0.09785407725321887,0.1875,0.10947500774516011,0.4193289466592277,0.5806710533407724,0.0
RD-19720,0.018025751072961373,0.5625,0.05650977463770683,0.39705241181993567,0.34201475343672805,0.2609328347433363
RD-19810,0.012017167381974248,0.4375,0.045242159216049606,0.0493488136594422,0.810392962124302,0.14025822421625575
RD-19900,0.09785407725321887,0.5,0.12497259689058529,0.07698655104590922,0.3428162265581425,0.5801972223959484
RD-19930,0.036051502145922745,0.1875,0.038585375308473446,0.16392534260542854,0.09483985655167868,0.7412348008428928
RE-19405,0.9416309012875536,0.0,0.0017384225082800423,0.0,1.0,0.0
RE-19450,0.2592274678111588,0.1875,0.026427081449130342,0.15637940346876314,0.48369141211066435,0.35992918442057253
RF-19345,0.33476394849785407,0.4375,0.13197093866548085,0.1323330764697883,0.8142695254068266,0.05339739812338516
RF-19735,0.07639484978540773,0.375,0.09331586989600738,0.19664749779609242,0.2033361010312237,0.6000164011726838
RF-19840,0.005150214592274677,0.375,0.037304133916564425,0.4086223534449152,0.5598927211879915,0.03148492536709335
RH-19495,0.027467811158798282,0.25,0.1444409160604367,0.30120650272161736,0.06101106319807719,0.6377824340803053
RH-19510,0.4008583690987124,0.3125,0.2785480691376706,0.12498889554360254,0.2711622282273849,0.6038488762290125
RH-19555,0.4454935622317596,0.0625,0.02937705188831936,0.0,1.0,0.0
RH-19600,0.45836909871244635,0.125,0.08310923257834214,0.4684562793061456,0.40918906479235195,0.12235465590150259
RK-19300,0.10214592274678111,0.125,0.0581255047034699,0.1435907058797747,0.2871690846135303,0.5692402095066951
RL-19615,0.103862660944206,0.4375,0.2488227097001356,0.13208819373495365,0.07933169845274429,0.788580107812302
RM-19375,0.296137339055794,0.3125,0.05785719486335628,0.39254228145807896,0.45310752032716095,0.15435019821475993
RM-19675,0.005150214592274677,0.25,0.23860576813436837,0.011584359909926182,0.2951934539937141,0.6932221860963598
RM-19750,0.25665236051502144,0.0,0.0037349704254100837,0.7317742755465175,0.2682257244534825,0.0
RO-19780,0.030042918454935622,0.375,0.15219314538251666,0.4099816589166548,0.46581371980129355,0.12420462128205167
RP-19270,0.4257510729613734,0.1875,0.03793449829115228,0.3867397018284908,0.49009831086983935,0.12316198730166976
RP-19390,0.028326180257510727,0.6875,0.2056157193621255,0.5535306624149733,0.35663187326269086,0.08983746432233591
RP-19855,0.024034334763948496,0.375,0.0818957276390727,0.0,0.46002347038663866,0.5399765296133615
RR-19315,0.01630901287553648,0.0625,0.02440665004221347,0.9711851308261301,0.02881486917386984,0.0
RR-19525,0.14592274678111586,0.3125,0.1316958392045248,0.26748453030074537,0.6579702034544805,0.07454526624477403
RS-19420,0.06523605150214593,0.25,0.1284619028583385,0.9000338373757097,0.09996616262429027,0.0
RS-19765,0.030901287553648068,0.4375,0.16594380502413567,0.12384530875505136,0.5314644800073081,0.34469021123764054
RS-19870,0.01630901287553648,0.0625,0.0006987318625763168,0.0,1.0,0.0
RW-19540,0.10300429184549356,0.375,0.29525137512786953,0.342091769798609,0.6124955237657118,0.04541270643567923
RW-19630,0.07639484978540773,0.5,0.1307965738934206,0.3397433825668207,0.6091825403552592,0.051074077077920055
RW-19690,0.06781115879828326,0.25,0.1394193923632821,0.0,0.7581305429668794,0.24186945703312066
SA-20830,0.05407725321888412,0.5625,0.19020957043386916,0.2699973349926788,0.15610796918995629,0.5738946958173649
SB-20170,0.1725321888412017,0.125,0.05364547323797058,0.6366671117639204,0.36333288823607957,0.0
SB-20185,0.1613733905579399,0.3125,0.2558553989687045,0.13948129120654573,0.031369540707871284,0.8291491680855829
SB-20290,0.040343347639484974,0.375,0.32163064965848004,0.005257951491277308,0.16006694555684606,0.8346751029518766
SC-20020,0.6695278969957081,0.25,0.13412019713704054,0.2251007415007406,0.590423874941733,0.18447538355752646
SC-20050,0.034334763948497854,0.5,0.18450750706410124,0.1082694787755494,0.44790566564862655,0.4438248555758241
SC-20095,0.29957081545064373,0.5,0.5646368908776531,0.143617453809251,0.8542619627000749,0.0021205834906741702
SC-20230,0.1278969957081545,0.1875,0.17441837012595587,0.6603576704076296,0.05543237149121743,0.28420995810115285
SC-20260,0.16051502145922747,0.4375,0.14877097678321102,0.5942262747557303,0.30111751510070395,0.1046562101435656
SC-20305,0.02489270386266094,0.3125,0.1456030195760345,0.8894332323509857,0.03171123303747213,0.07885553461154213
SC-20380,0.02575107296137339,0.5,0.2391425475703801,0.6426684795886082,0.2038545951163247,0.15347692529506707
SC-20440,0.030901287553648068,0.375,0.0746924191926286,0.007952008482142382,0.9112319053140323,0.08081608620382529
SC-20575,0.07896995708154506,0.1875,0.03175006431168801,0.8100045261428511,0.18999547385714896,0.0
SC-20680,0.10815450643776824,0.3125,0.04991597444818056,0.06556462411528406,0.1462331824268316,0.7882021934578843
SC-20695,0.07639484978540773,0.5625,0.10270599539895352,0.10502994867272578,0.4992136338654437,0.3957564174618306
SC-20725,0.16051502145922747,0.625,0.2085362947369615,0.33305167607118735,0.3406525952841543,0.32629572864465833
SC-20770,0.0351931330472103,0.375,0.17923896098512127,0.30325840588320013,0.3418656265101031,0.3548759676066969
SC-20800,0.02575107296137339,0.1875,0.010960165414334417,0.0,0.18968974704214056,0.8103102529578595
SC-20845,0.35536480686695276,0.0,0.00037059348115722453,0.0,1.0,0.0
SD-20485,0.17167381974248927,0.5,0.24427781738611815,0.12206568935001048,0.7834926779667885,0.09444163268320113
SE-20110,0.007725321888412017,0.625,0.48743906165522893,0.051951285554666805,0.18388577754356916,0.7641629369017641
SF-20065,0.050643776824034335,0.375,0.030302197636517005,0.46864498013217276,0.5313550198678272,0.0
SF-20200,0.050643776824034335,0.5,0.13650944074811713,0.8140140809270576,0.144574624297283,0.04141129477565936
SF-20965,0.04120171673819742,0.5,0.13306466670530093,0.5178474075650338,0.43056374352434484,0.05158884891062135
SG-20080,0.0068669527896995704,0.125,0.1358622301260509,0.21985944264938953,0.3997474300478984,0.38039312730271196
SG-20470,0.1570815450643777,0.4375,0.07508382086472051,0.752992097826929,0.17276652458247516,0.07424137759059592
SG-20605,0.0927038626609442,0.25,0.12437223465233166,0.036525791851721695,0.05423592737420853,0.9092382807740698
SG-20890,0.19399141630901287,0.125,0.0017218877845814658,0.0,1.0,0.0
SH-19975,0.02489270386266094,0.6875,0.09828281702327285,0.46280741521690244,0.44637874775491093,0.09081383702818657
SH-20395,0.019742489270386264,0.5625,0.0869025538040508,0.6215329079688433,0.28385696820955303,0.0946101238216037
SH-20635,0.655793991416309,0.0625,0.08353466223253835,1.0,0.0,0.0
SJ-20125,0.0815450643776824,0.6875,0.15755207329659296,0.2268182342968603,0.3685379182389555,0.4046438474641842
SJ-20215,0.02489270386266094,0.3125,0.0533665396381859,0.76280427967631,0.07329258871499349,0.1639031316086966
SJ-20500,0.21716738197424892,0.25,0.05247749869729142,0.5701650621485378,0.347552579058157,0.08228235879330532
SK-19990,0.0068669527896995704,0.125,0.03508939953671621,0.0,0.2869010843222109,0.713098915677789
SL-20155,0.060085836909871244,0.3125,0.12148225251023266,0.46906777936355176,0.05828988502336427,0.472642335613084
SM-20005,0.3613733905579399,0.1875,0.009571807768899838,0.31693211285348516,0.6830678871465149,0.0
SM-20320,0.06781115879828326,0.25,1.0,0.027136071684559192,0.03521823420070638,0.9376456941147344
SM-20905,0.5201716738197425,0.0,0.04146493338563205,0.049823544807922227,0.19331934219268465,0.7568571129993932
SM-20950,0.02145922746781116,0.625,0.17812885797738712,0.1829140519908566,0.8170859480091434,0.0
SN-20560,0.09527896995708154,0.3125,0.07411010935802656,0.04530164726421696,0.9546983527357831,0.0
SN-20710,0.06781115879828326,0.375,0.12473436906469816,0.4009544625773891,0.4138967030004739,0.18514883442213695
SO-20335,0.02489270386266094,0.3125,0.1037510977718581,0.7223427331887202,0.26230324538135397,0.015354021429925858
SP-20545,0.28068669527896994,0.3125,0.05197067347087854,0.26764853156683405,0.5581975459502666,0.1741539224828993
SP-20620,0.040343347639484974,0.5,0.21708758255430088,0.3501901267186722,0.11225352778026436,0.5375563455010635
SP-20650,0.33133047210300426,0.5,0.07459009561263887,0.012151016109495864,0.4468403726482507,0.5410086112422534
SP-20860,0.06781115879828326,0.5625,0.17086308501919284,0.4992514487711713,0.059872891051473996,0.44087566017735486
SP-20920,0.060085836909871244,0.3125,0.1591908880732202,0.880176831619803,0.0686139661597283,0.051209202220468694
SR-20425,0.0068669527896995704,0.25,0.12894879855063163,0.1578088753266217,0.053571986351551165,0.7886191383218272
SR-20740,0.1682403433476395,0.4375,0.17337708192240683,0.0141706432244196,0.16812958278242918,0.8176997739931512
SS-20140,0.012875536480686695,0.4375,0.052687258042375784,0.05399281586190019,0.522806164220092,0.42320101991800774
SS-20410,0.09442060085836909,0.3125,0.12189262518173719,0.529398486721602,0.1815940620392455,0.2890074512391525
SS-20515,0.4214592274678111,0.125,0.024305524630607683,0.03413759373981089,0.43141506358004555,0.5344473426801435
SS-20590,0.3708154506437768,0.3125,0.016521024640053245,0.0,0.25845300962985973,0.7415469903701404
SS-20875,0.10300429184549356,0.25,0.03833352031416614,0.44253169071027826,0.2631085715233518,0.2943597377663699
ST-20530,0.10729613733905578,0.375,0.017114117990110877,0.07380809526007293,0.7843679328010338,0.14182397193889323
SU-20665,0.017167381974248927,0.375,0.10346307806182843,0.11780389956861544,0.16009700373435093,0.7220990966970336
SV-20365,0.08669527896995707,0.5625,0.457944629204228,0.7263644249168552,0.017576922573980358,0.25605865250916443
SV-20785,0.27467811158798283,0.5,0.16376853032306574,0.6049626032657743,0.18782599587606766,0.2072114008581579
SV-20815,0.06523605150214593,0.1875,0.050572970112049115,0.0038769874674491967,0.13265622418554152,0.8634667883470092
SV-20935,0.0017167381974248926,0.4375,0.07583039958476276,0.16199708850737934,0.12751570666738113,0.7104872048252395
SW-20245,0.06952789699570815,0.375,0.04314384686417567,0.7168387894695128,0.23893950480979245,0.04422170572069473
SW-20275,0.02575107296137339,0.3125,0.07835290348350284,0.013942491038059645,0.5376147255485215,0.4484427834134187
SW-20350,0.1390557939914163,0.125,0.04050651849530659,0.0,0.285149610811702,0.7148503891882981
SW-20455,0.1390557939914163,0.3125,0.11305641292269332,0.08224113439160603,0.5222523631982914,0.3955065024101025
SW-20755,0.45836909871244635,0.0625,0.030108493747777642,0.7633307675274419,0.11180762782458326,0.12486160464797497
SZ-20035,0.030042918454935622,0.625,0.14459879471449585,0.16925332845653454,0.25529489875263733,0.5754517727908282
TA-21385,0.05922746781115879,0.1875,0.5827406560139646,0.008552702797140512,0.052127282020222494,0.939320015182637
TB-21055,0.10214592274678111,0.1875,0.05777280387017974,0.3886179937314011,0.5493919155881961,0.06199009068040273
TB-21175,0.04978540772532188,0.1875,0.1431596746685277,0.27189733028426744,0.10126386901498233,0.6268388007007503
TB-21190,0.04206008583690987,0.1875,0.032404104493542814,0.9827977857662705,0.01720221423372957,0.0
TB-21250,0.29957081545064373,0.375,0.06380418382027761,0.30189418713210875,0.13697908605720505,0.5611267268106861
TB-21280,0.5004291845493561,0.3125,0.08761075119686036,0.01881780345243239,0.07081898610384589,0.9103632104437217
TB-21355,0.12532188841201716,0.25,0.03312915612162,0.4108935574498279,0.4803602420151308,0.10874620053504136
TB-21400,0.17339055793991415,0.3125,0.3636005311400568,0.1157119171890037,0.043842497679701546,0.8404455851312947
TB-21520,0.09184549356223176,0.5,0.18901717322763037,0.7665643761269162,0.157493235863916,0.07594238800916774
TB-21595,0.24463519313304719,0.1875,0.04936605509889143,0.8723670711943465,0.0,0.12763292880565344
TB-21625,0.02575107296137339,0.5,0.1115428866200816,0.4882966813789199,0.3169947256071843,0.19470859301389587
TC-20980,0.3424892703862661,0.25,0.7607324834671735,0.0,0.055335709469627105,0.9446642905303729
TC-21145,0.09098712446351931,0.0,0.041273985284175786,0.5397106697744303,0.078939764606168,0.3813495656194017
TC-21295,0.02317596566523605,0.4375,0.17021894969597873,0.45100416892049616,0.09620109815009426,0.4527947329294096
TC-21475,0.13133047210300428,0.5,0.04953000447276258,0.52377555872563,0.18706224055724768,0.28916220071712223
TC-21535,0.0034334763948497852,0.375,0.029463959035102225,0.1309527336585156,0.21300962349069028,0.6560376428507941
TD-20995,0.03175965665236051,0.5,0.05710131036886533,0.830299160432415,0.16970083956758505,0.0
TG-21310,0.2892703862660944,0.25,0.12195512963243348,0.18627034252209995,0.4416624269382534,0.3720672305396466
TG-21640,0.09785407725321887,0.1875,0.08266674899414762,0.7789937729585702,0.09862671540073294,0.12237951164069696
TH-21100,0.2952789699570815,0.25,0.09657201229624297,0.2637781365877174,0.04977002043895883,0.6864518429733237
TH-21115,0.04978540772532188,0.1875,0.11733818745959426,0.16160409301162307,0.5464262946636708,0.29196961232470614
TH-21235,0.10042918454935622,0.4375,0.040632605748244774,0.15670597074352305,0.2885068592184903,0.5547871700379867
TH-21550,0.061802575107296136,0.375,0.1689123071343299,0.1863065929539623,0.4854561634880267,0.3282372435580109
TM-21010,0.08841201716738196,0.375,0.11239590263156517,0.4990588948097676,0.356293272924762,0.14464783226547043
TM-21490,0.11158798283261802,0.125,0.043527260747041205,0.20544671583789942,0.29767657703909284,0.49687670712300785
TN-21040,0.07725321888412016,0.375,0.12482470297305914,0.4531763092765655,0.09820808179358582,0.4486156089298487
TP-21130,0.0068669527896995704,0.5,0.1776972777254866,0.4486899131937272,0.1522086835010606,0.3991014033052121
TP-21415,0.08927038626609442,0.25,0.21264181071679342,0.9193312792662525,0.05665222894901502,0.024016491784732488
TP-21565,0.3004291845493562,0.1875,0.07715433571008669,0.40958360872438865,0.45363103106411107,0.13678536021150034
TR-21325,0.16566523605150213,0.25,0.026803386199584413,0.14990931174568234,0.08320536377381492,0.7668853244805027
TS-21085,0.30643776824034336,0.0625,0.0,0.0,1.0,0.0
TS-21160,0.43261802575107294,0.3125,0.08621983745887338,0.5983840075724802,0.21362029631765966,0.18799569610986014
TS-21205,0.16995708154506436,0.375,0.21432264925254063,0.051585060015750986,0.2745070367467311,0.6739079032375179
TS-21340,0.19399141630901287,0.25,0.03873874086161966,0.20110137446116155,0.7988986255388385,0.0
TS-21370,0.030901287553648068,0.3125,0.4747509776754471,0.1871454422481601,0.07253296844173747,0.7403215893101025
TS-21430,0.14763948497854076,0.25,0.08184716188057639,0.9464437672213191,0.018528435257577386,0.03502779752110373
TS-21505,0.00944206008583691,0.3125,0.08940097451827339,0.39253252166253433,0.36623970143638274,0.24122777690108296
TS-21610,0.047210300429184546,0.375,0.11245173727825747,0.7393867021412384,0.26061329785876164,0.0
TS-21655,0.20429184549356222,0.25,0.13432509990627528,0.3732912442467461,0.502452128711372,0.12425662704188185
TT-21070,0.026609442060085836,0.375,0.1961309385568469,0.6196238019270072,0.2103136096046832,0.17006258846830968
TT-21220,0.1570815450643777,0.4375,0.05680160851709209,0.1014572781217678,0.5039984751696515,0.3945442467085808
TT-21265,0.3484978540772532,0.125,0.017360141898282933,0.0,1.0,0.0
TT-21460,0.010300429184549355,0.375,0.21407175279294047,0.22694195206985973,0.07884867454715994,0.6942093733829804
TW-21025,0.054935622317596564,0.375,0.21063772232663372,0.8101073988799783,0.15140222466131673,0.038490376458705025
TZ-21580,0.030042918454935622,0.1875,0.0679941786589676,0.36842099097632147,0.02114584199718149,0.610433167026497
VB-21745,0.0463519313304721,0.3125,0.07990836567955298,0.37734419095371147,0.6226558090462885,0.0
VD-21670,0.4987124463519313,0.3125,0.2571038105468932,0.1258820282466354,0.35897529032540476,0.5151426814279598
VF-21715,0.011158798283261802,0.25,0.03367296481215096,0.7665081656335796,0.23349183436642043,0.0
VG-21790,0.13218884120171673,0.3125,0.033595722890332004,0.500154844505384,0.25024054089195163,0.24960461460266428
VG-21805,0.4214592274678111,0.1875,0.016518708181177597,0.0,0.8853242581829306,0.11467574181706945
VM-21685,0.0463519313304721,0.375,0.09785173600819898,0.0,0.10746411413087313,0.8925358858691269
VM-21835,0.10042918454935622,0.25,0.015011332476270175,0.0,0.29484882712968563,0.7051511728703145
VP-21730,0.02575107296137339,0.125,0.039502373511660194,0.0,0.4505896959660007,0.5494103040339993
VP-21760,0.06437768240343347,0.375,0.13402284196194958,0.6884350842695459,0.2581631566010797,0.05340175912937439
VS-21820,0.18969957081545064,0.1875,0.0419817433485779,0.8055703653758921,0.09141262958329743,0.1030170050408104
VT-21700,0.8575107296137339,0.0625,0.06916478917009146,0.5223840202326852,0.4448864329988092,0.03272954676850575
VW-21775,0.024034334763948496,0.5625,0.24479398832592594,0.38277330528438197,0.323208953058328,0.29401774165729
WB-21850,0.017167381974248927,0.5625,0.24462113256706736,0.3199195394235616,0.3480494183248473,0.332031042251591
XP-21865,0.03690987124463519,0.625,0.09464831301685737,0.341648355257894,0.5551140416851605,0.10323760305694546
YC-21895,0.0034334763948497852,0.25,0.21764796590747656,0.02280931733387113,0.696761300613272,0.28042938205285695
YS-21880,0.007725321888412017,0.4375,0.2682144259713061,0.1281498662885964,0.8367334063047025,0.03511672740670111
ZC-21910,0.0463519313304721,0.75,0.32034525461617336,0.48589987150041736,0.22672706591456676,0.2873730625850159
ZD-21925,0.17339055793991415,0.25,0.05947352401331133,0.058797384640923614,0.07276310223140894,0.8684395131276674
